id,domain,status,purchase_price,renewal_price,attractiveness,demand,length,registrar,created_at,expires_at,status_verified_at
ee46b4c0-7632-4e79-a69a-da0acacdc54a,aroused.events,available,10.48,57.98,high,low,7,namecheap,,,
3337d00e-5676-4987-81a9-7a4068a15ca8,arity.events,available,15.99,45.99,high,low,5,namesilo,,,20/09/2026 06:02
6c6cbbaa-104e-4eb3-b6ac-82ef3922717b,rapping.events,available,9.85,37.67,high,low,7,dynadot,,,03/10/2026 03:01
83e1c2e4-e5da-4b94-951f-f0934d6af358,attacking.events,available,15.99,45.99,medium,low,9,namesilo,,,27/09/2026 23:17
415dec1e-0eb1-410c-b176-c7e51120025d,moonlight.events,resell,,,high,low,9,"Sav.com, LLC - 24",21/06/2026 15:15,21/06/2027 15:15,30/09/2026 05:14
aefdfec6-c25c-421f-b4e2-5f59b50a8e5a,unsparing.events,available,10.48,57.98,medium,low,9,namecheap,,,22/08/2026 21:11
e7071635-0b99-48df-bef2-2b0d6137a908,busybodied.events,available,10.48,57.98,medium,low,10,namecheap,,,11/08/2026 11:28
911e8073-514c-40d9-8dec-cb89f23df6a2,ensure.events,available,15.99,45.99,high,low,6,namesilo,,,30/09/2026 15:26
1db5a923-5799-4871-847a-12df76e06d27,schnabel.events,available,15.99,45.99,medium,low,8,namesilo,,,20/09/2026 12:04
84d9fc5d-084a-474f-b580-df771868bd5f,comal.events,available,10.48,57.98,low,low,5,namecheap,,,12/08/2026 18:23
c9ad419a-2b01-4494-86a6-89f32f424dad,footprints.events,available,35.2,35.2,medium,low,10,cloudflare,,,29/09/2026 23:55
ec72ab25-8546-416b-9265-54516e73c8b2,ncc.events,available,9.78,36.56,high,low,3,porkbun,,,30/09/2026 06:29
2ff36d27-0aa5-443c-97e8-c1f615aff6de,acetabulum.events,available,17.99,56.99,medium,low,10,name.com,,,16/09/2026 23:45
fb93b840-ea75-4611-aa09-a9c848c14fdf,buckeye.events,available,10.48,57.98,high,low,7,namecheap,,,17/09/2026 13:22
99faaca6-7601-4e2d-8a14-996b4e7a8cdd,morphine.events,available,15.99,45.99,medium,low,8,namesilo,,,28/09/2026 10:27
8645e2e4-6f84-4f05-aba9-587e64080a2c,synaptic.events,available,10.48,57.98,high,low,8,namecheap,,,11/09/2026 06:09
d58fad3a-74a7-4d44-84ef-26c5684626b4,kitten.events,available,35.2,35.2,high,low,6,cloudflare,,,29/09/2026 07:25
3103d5be-35bf-4c64-a80e-46781323cfa0,navarro.events,available,35.2,35.2,medium,low,7,cloudflare,,,28/09/2026 08:00
33d04c6b-deff-4e0e-9226-8cabe12b1fc6,beagle.events,available,10.48,57.98,high,low,6,namecheap,,,22/09/2026 19:37
0ace03c6-9b1e-4e74-b962-a17a1202f205,hoy.events,available,15.99,45.99,high,low,3,namesilo,,,22/09/2026 05:42
8e57da88-ad3b-4610-9af3-9fb5b91dfaf8,siris.events,available,15.99,45.99,high,low,5,namesilo,,,18/09/2026 03:05
2f3ccd37-c9d0-4c5f-9f0e-0c2ae763efd8,difficulty.events,available,15.99,45.99,high,low,10,namesilo,,,29/09/2026 14:54
fead80a3-a9c8-41d4-812b-4e1c93a56b03,discarded.events,available,10.48,57.98,medium,low,9,namecheap,,,11/08/2026 20:21
2da5da69-62d2-404d-afd0-cf54de37f3b8,starlike.events,available,10.48,57.98,medium,low,8,namecheap,,,10/09/2026 18:54
406615d0-bc0c-44c4-b229-abf652c3bc29,secluded.events,available,15.99,45.99,high,low,8,namesilo,,,27/09/2026 06:24
cb54bc61-9bac-4315-8fd4-e8a0c3519641,aegean.events,available,10.48,57.98,high,low,6,namecheap,,,
17448099-dbd7-4898-b23e-51a905a3421e,ttyl.events,available,9.85,37.67,medium,low,4,dynadot,,,02/10/2026 14:39
3367b05f-a5ba-4c07-adb0-74b5e702104f,skeletons.events,available,15,,medium,low,9,unstoppable,,,30/09/2026 06:36
6373a117-2621-437d-827b-5f19056b3ee6,suffered.events,available,15.99,45.99,low,low,8,namesilo,,,27/09/2026 02:46
1c59531b-7700-427a-8fa1-507e328a534e,aldershot.events,available,15.99,45.99,medium,low,9,namesilo,,,29/09/2026 15:14
ef79d7c8-eb79-46cd-b52b-1c7c49b07bde,ewart.events,available,15,,medium,low,5,unstoppable,,,30/09/2026 21:28
9359c997-c0f4-4961-a294-31672a3f9740,fences.events,available,15,,medium,low,6,unstoppable,,,29/09/2026 11:21
a2e34e20-b5ee-496a-acbe-0a9fedae41ce,bleak.events,available,10.48,57.98,medium,low,5,namecheap,,,08/08/2026 21:02
e03b6764-0c78-4de1-af75-223b4c62110b,mud.events,premium,78.54,78.54,high,low,3,namesilo,,,25/09/2026 09:31
b45ebdc1-ab6a-4cbb-934a-b9a559002d24,lane.events,available,14.99,99.99,high,low,4,godaddy,,,30/09/2026 02:05
9a24af55-e708-4152-a58c-4b4d876c414a,castellano.events,available,9.85,37.67,medium,low,10,dynadot,,,01/10/2026 02:19
d79e678f-8abb-4572-992e-012cabb6668a,boethius.events,available,15.99,45.99,medium,low,8,namesilo,,,19/09/2026 08:26
607f0612-9952-4e62-882c-d45b1237d8ed,mislabeled.events,available,10.48,57.98,medium,low,10,namecheap,,,25/08/2026 01:21
76bf4918-4d0a-49f4-b637-13b62f73d825,bethany.events,available,15.99,45.99,medium,low,7,namesilo,,,28/09/2026 07:45
2c55c53a-449c-4d8a-bacf-2caa5f578aa3,behavior.events,available,15.99,45.99,high,low,8,namesilo,,,23/09/2026 03:06
9d0ae9d5-73fe-4558-8d0c-09c00dc93a88,ignitable.events,available,10.48,57.98,medium,low,9,namecheap,,,11/08/2026 10:46
701702f5-8fac-40f5-9981-9ee08bc6e709,eroticism.events,available,10.48,57.98,medium,low,9,namecheap,,,18/09/2026 16:10
e4b07a15-d411-42cc-9515-64d84e32832f,desirable.events,available,10.48,57.98,high,low,9,namecheap,,,14/08/2026 03:47
06b635bf-40e7-4985-856f-fb4ed58a5e51,inez.events,available,15.99,45.99,medium,low,4,namesilo,,,30/09/2026 05:00
950d28b5-2d50-44a5-8e24-54920d548e57,inchoate.events,available,10.48,57.98,medium,low,8,namecheap,,,22/08/2026 01:16
80506eb3-e534-487f-acd2-bf6c23aa2917,prosser.events,available,9.52,36.43,high,low,7,spaceship,,,30/09/2026 12:49
dfe872b8-6b1b-4900-8245-c920c24ab974,porcine.events,available,10.48,57.98,medium,low,7,namecheap,,,21/08/2026 10:21
7abeeef6-755a-4b40-815f-469e26a91c0f,turnip.events,available,15,,high,low,6,unstoppable,,,02/10/2026 04:09
f31e3919-9193-40a0-86d1-03c629000ea8,bulldog.events,available,15.99,45.99,high,low,7,namesilo,,,24/09/2026 11:08
0274ae37-f79d-4cfb-83a3-f9ab554572cb,eager.events,available,15.99,45.99,high,low,5,namesilo,,,24/09/2026 12:48
2919c29d-82fc-4867-bbc9-3ffa95907030,undivided.events,available,10.48,57.98,high,low,9,namecheap,,,12/09/2026 08:11
65b3574e-71ad-408d-9dff-b68e13ae96e5,hatched.events,available,10.48,57.98,high,low,7,namecheap,,,13/08/2026 08:20
72a00869-dbcb-4ead-8aab-e63e88c20df1,bugs.events,available,15.99,45.99,medium,low,4,namesilo,,,25/09/2026 12:21
22129292-be58-40a8-97e3-9e63747bd28e,folks.events,available,15.99,45.99,high,low,5,namesilo,,,24/09/2026 16:34
a3463405-1a9f-46d0-af79-5b055b812158,lutheran.events,available,10.48,57.98,high,low,8,namecheap,,,24/08/2026 12:23
f2d58cd1-9c76-4212-9c7e-357766e8e920,darling.events,available,10.48,57.98,high,low,7,namecheap,,,09/08/2026 13:48
00a67093-f22f-4a0d-a067-e137e7b39760,zymotic.events,available,10.48,57.98,medium,low,7,namecheap,,,13/09/2026 15:57
341d9dbd-ef62-4726-a88b-b9d32e18fd71,valorous.events,available,10.48,57.98,medium,low,8,namecheap,,,13/09/2026 00:57
7bcc1742-8cc3-48c5-a234-97fa9a99e15d,sentential.events,available,10.48,57.98,medium,low,10,namecheap,,,10/09/2026 03:50
23ad8410-7f77-4e8a-af88-09e8359b2faf,lancaster.events,premium,,,high,low,9,,,,29/09/2026 19:11
d874e113-31ba-4218-b60c-b8dc90730324,bimodal.events,available,10.48,57.98,medium,low,7,namecheap,,,09/08/2026 23:23
d04d4746-6937-47c5-bc43-d19be0df9879,marys.events,available,15.99,45.99,high,low,5,namesilo,,,02/10/2026 22:52
a8a8e6a1-0be2-49a3-b702-4684c29e3e18,amiens.events,available,15.99,45.99,medium,low,6,namesilo,,,29/09/2026 04:12
da337c53-c726-4f05-a170-e767f05baa46,parented.events,available,10.48,57.98,high,low,8,namecheap,,,08/09/2026 01:16
d7f30485-7408-43d8-8c45-057847d52051,rinehart.events,available,9.52,36.43,medium,low,8,spaceship,,,29/09/2026 22:34
25868e9e-baf0-4466-bafb-066970fe6637,duodenal.events,available,10.48,57.98,medium,low,8,namecheap,,,14/08/2026 21:21
882b8fb6-6289-4f4e-8e2b-9bbed1374ac6,southwark.events,available,15.99,45.99,medium,low,9,namesilo,,,29/09/2026 09:21
71ce7995-b5d1-4bcd-8065-0b94733a0f26,slumber.events,available,35.2,35.2,high,low,7,cloudflare,,,30/09/2026 10:20
a43d483b-0a15-4965-bca5-59d5b5368415,lineage.events,available,10.48,57.98,high,low,7,namecheap,,,08/09/2026 13:04
477f5bcf-a694-4766-a8ef-b1a7edfa9d33,designed.events,available,15.99,45.99,high,low,8,namesilo,,,24/09/2026 06:34
4a73fd92-8fd5-4f80-9a5a-a8e555fb14cf,saves.events,available,15,,medium,low,5,unstoppable,,,28/09/2026 09:04
092dd2d5-3350-44cb-ab93-de31b815a77a,compositions.events,available,9.52,36.43,medium,low,12,spaceship,,,02/10/2026 01:26
4bed9616-21b4-4602-8c90-df02f9126e84,barbarossa.events,available,15.99,45.99,medium,low,10,namesilo,,,22/09/2026 04:31
884680e3-3444-4d94-b25c-a800bf3b6b67,bifacial.events,available,10.48,57.98,medium,low,8,namecheap,,,09/08/2026 19:57
f8e4b529-0748-4964-803f-aff8f8a81fd0,blueprints.events,available,35.2,35.2,medium,low,10,cloudflare,,,02/10/2026 02:59
f8f7e8e7-a4a6-4ada-b8d9-f81a09c9cbf4,triennial.events,available,10.48,57.98,high,low,9,namecheap,,,11/09/2026 19:31
e7ba9cda-d52d-4b66-b547-2ca972e6710b,med.events,premium,260,260,high,medium,3,namecheap,,,01/10/2026 20:29
fe8a072f-d0b3-4460-8e48-c6ef0eb75589,torquay.events,available,15,,medium,low,7,unstoppable,,,30/09/2026 21:29
8186b66d-d12d-402d-ba3e-5632f9bfd889,humanities.events,available,15,,high,low,10,unstoppable,,,28/09/2026 22:20
76b5e81e-bf8c-41fd-8ed5-4a52d89a59fb,exacting.events,available,10.48,57.98,medium,low,8,namecheap,,,17/08/2026 15:32
3d3b1b6d-067f-4a66-8f66-b3c7bbc57e30,braw.events,available,10.48,57.98,medium,low,4,namecheap,,,11/08/2026 02:45
e1b1f4dd-9002-4b26-bc6d-f6deff7223f2,generic.events,available,9.52,36.43,high,low,7,spaceship,,,02/10/2026 11:16
6c692a62-3038-41eb-8d59-ddb273fced1a,glittery.events,available,10.48,57.98,medium,low,8,namecheap,,,
5f87b343-ca1c-41b2-b4c7-db6dad1bdcfa,tony.events,premium,34.36,34.36,high,medium,4,spaceship,,,29/09/2026 09:10
1fade0e5-6142-4874-aa43-4b4ecc2815d3,uttermost.events,available,10.48,57.98,high,low,9,namecheap,,,17/08/2026 22:44
cb9c6ac1-03dd-4e61-a0f5-6f9bb199b812,mpa.events,available,9.52,36.43,medium,low,3,spaceship,,,28/09/2026 11:24
c40bcac8-d273-438f-95ea-33c7981c5af9,occupations.events,available,15.99,45.99,medium,low,11,namesilo,,,16/09/2026 10:00
84f06029-ed7d-4564-b38e-9cbc406462f5,biscayne.events,available,35.2,35.2,medium,low,8,cloudflare,,,01/10/2026 09:13
a421f926-3c9b-49b0-bf09-f596ec26358a,becalmed.events,available,10.48,57.98,medium,low,8,namecheap,,,09/08/2026 06:03
932d4eac-225f-453f-94a5-c43e412e9188,synchronal.events,available,10.48,57.98,medium,low,10,namecheap,,,11/09/2026 06:13
686977b5-efea-46f6-8441-51a47a15138e,penitent.events,available,10.48,57.98,medium,low,8,namecheap,,,08/09/2026 14:30
565ebe6b-175a-4d0c-8f33-babbb89bb1f9,cooperated.events,available,15.99,45.99,medium,low,10,namesilo,,,02/10/2026 03:43
6298c1d4-3b24-4cd2-9fe6-0c67d39c4209,acromegaly.events,available,10.48,57.98,medium,low,10,namecheap,,,17/09/2026 03:48
36d2ac7f-dfc5-4b9b-bac4-8b4129ed9c72,refreshment.events,available,15.99,45.99,high,low,11,namesilo,,,19/09/2026 14:11
7aa42926-ca6c-4f20-9510-4d46856098b9,grammar.events,available,10.48,57.98,high,low,7,namecheap,,,29/09/2026 21:08
25269b96-d30e-4056-b982-d68236af8773,awfully.events,available,15.99,45.99,medium,low,7,namesilo,,,22/09/2026 15:26
128fe2b4-2412-462e-bc6e-222a2705451f,involuntary.events,available,9.78,36.56,medium,low,11,porkbun,,,30/09/2026 11:32
c17e799f-0ac1-403f-8b8e-4338c50d5df6,hwy.events,available,9.52,36.43,high,low,3,spaceship,,,29/09/2026 05:03
71b8f83e-7ff3-476c-87c5-f22dbdeeffa7,sedation.events,available,9.85,37.67,medium,low,8,dynadot,,,01/10/2026 01:49
e7c25004-b971-4677-bf03-73c0f86c0a5d,jog.events,premium,36.3,37.67,high,low,3,dynadot,,,30/09/2026 17:44
ea179189-7c4c-4082-85db-282b46156442,offish.events,available,10.48,57.98,low,low,6,namecheap,,,04/09/2026 01:35
5d228001-a602-4adf-baac-a033e813f57c,unshaped.events,available,10.48,57.98,medium,low,8,namecheap,,,12/09/2026 19:31
f7b243d4-0c6b-4165-95ac-5c6e356d3309,varicose.events,available,10.48,57.98,medium,low,8,namecheap,,,13/09/2026 01:20
760562e6-5d4a-41d0-97f3-580e2e3d8194,poor.events,available,15.99,45.99,medium,low,4,namesilo,,,24/09/2026 23:28
98bd4d72-6313-4cf3-9b23-c88165f19fcf,bunco.events,available,10.48,57.98,medium,low,5,namecheap,,,14/09/2026 07:59
37fbc405-a7c1-42ad-8ce3-cb57e3f9c272,oversize.events,available,10.48,57.98,high,low,8,namecheap,,,04/09/2026 19:42
20cb0263-4205-41fc-be9f-6f3c098b48d9,buttercups.events,available,10.48,57.98,medium,low,10,namecheap,,,20/09/2026 19:49
e5702feb-ed1a-477f-9589-744f555c7f98,eels.events,available,15,,high,low,4,unstoppable,,,02/10/2026 03:24
dc6ba43d-ba5e-49cb-8e3f-70d434505127,worm.events,available,15,,high,low,4,unstoppable,,,29/09/2026 15:08
7bbdc4c0-8029-4e14-9304-7d454188754c,bulky.events,available,15.99,45.99,medium,low,5,namesilo,,,23/09/2026 10:36
c5a54736-3af0-482e-bc2e-90abae7d0392,lumber.events,available,10.48,57.98,high,low,6,namecheap,,,22/09/2026 10:02
6200854d-1cba-43e8-80e3-d43798aaf98e,fatah.events,available,15.99,45.99,medium,low,5,namesilo,,,18/09/2026 00:27
0e11a9e4-5dcd-4b76-8e3b-b5c11c3b7d59,manned.events,available,10.48,57.98,high,low,6,namecheap,,,24/08/2026 15:16
fa9d9ec6-5a97-4011-b9f5-c2ec774f7f56,parris.events,available,9.52,36.43,medium,low,6,spaceship,,,30/09/2026 20:35
a301c65e-690c-4724-8229-b9963575279c,paper.events,premium,118.8,118.8,high,low,5,namesilo,,,30/09/2026 05:39
5d2e737d-8b6e-44c6-ae09-927caacfa57e,coordinates.events,available,15,36.43,medium,low,11,unstoppable,,,30/09/2026 15:15
62ae3f7d-6265-49d3-8f5c-607ca69c7436,candent.events,available,10.48,57.98,medium,low,7,namecheap,,,11/08/2026 16:37
4b25abc4-c32d-4088-aabd-9a1b08824524,potentiality.events,available,9.85,37.67,high,low,12,dynadot,,,03/10/2026 04:48
8723d5d0-4ce1-4ed3-9701-837a119af9fa,proposing.events,available,9.52,36.43,medium,low,9,spaceship,,,28/09/2026 22:53
e943992e-604e-4e70-b6ec-a9b2a70b34d4,devotes.events,available,10.48,57.98,medium,low,7,namecheap,,,20/09/2026 02:04
07b528b4-35a2-4856-97ba-8415f7bb767c,bulgarian.events,premium,38.94,38.94,high,low,9,namesilo,,,11/08/2026 08:23
cda05857-c18c-46fb-9942-268523c8bfc1,mcneill.events,available,15,,medium,low,7,unstoppable,,,29/09/2026 04:34
e31af356-c0c2-4242-8553-cf1e853917dd,concern.events,available,15.99,45.99,high,low,7,namesilo,,,29/09/2026 05:30
20d1a58c-8785-4c90-9f03-36a793612ad5,naacp.events,available,15.99,45.99,medium,low,5,namesilo,,,25/09/2026 13:20
c96a70eb-9a8b-4312-846f-80b1be69352f,instance.events,available,15.99,45.99,high,low,8,namesilo,,,25/09/2026 22:06
6e97332e-3723-49db-8082-22f4668e96e3,doxepin.events,available,10.48,57.98,medium,low,7,namecheap,,,17/09/2026 06:25
12e4bd4f-a8c6-423b-87e6-3dbaf7230e31,desks.events,available,9.52,36.43,medium,low,5,spaceship,,,02/10/2026 14:00
e422929c-e0c6-4397-aa2c-54adfce185d9,vocals.events,available,35.2,35.2,high,low,6,cloudflare,,,02/10/2026 21:22
dd9b20f7-6148-4718-85ef-531b30fefb93,geographical.events,available,9.52,36.43,high,low,12,spaceship,,,29/09/2026 21:14
0ea916e3-975f-4751-8351-805df0fe29aa,warrenton.events,available,35.2,35.2,medium,low,9,cloudflare,,,02/10/2026 18:56
faab1ebc-9be8-4c61-9561-2720e30a6351,lois.events,available,15.99,45.99,medium,low,4,namesilo,,,25/09/2026 15:30
9719ab9e-cb3a-4bfa-bbc8-a1a38810d578,bcl.events,available,15.99,45.99,high,low,3,namesilo,,,03/10/2026 03:57
fb443eeb-b95a-4538-86e4-bf3188b64cb2,achievements.events,available,9.52,36.43,medium,low,12,spaceship,,,30/09/2026 06:58
94944dc7-45fe-467d-972e-d277d75a1d89,markings.events,available,15.99,45.99,medium,low,8,namesilo,,,29/09/2026 10:28
23dd49a1-8d6e-47c3-b5d4-3002fad51d60,country.events,premium,500,,high,low,7,name.com,,,28/09/2026 22:01
4b19e517-1e82-4df3-b381-d3c2b09df536,rust.events,available,15.99,45.99,high,medium,4,namesilo,,,27/09/2026 17:39
cc80e36d-1acc-44e2-a2a9-bb74ce4cae8d,voltaic.events,available,10.48,57.98,medium,low,7,namecheap,,,18/08/2026 19:42
af014fbd-a2c6-4535-9d37-c4e6b0703ceb,alarming.events,available,10.48,57.98,medium,low,8,namecheap,,,
2e147557-e587-447b-ba2d-6921e5d53684,unused.events,available,35.2,35.2,medium,low,6,cloudflare,,,28/09/2026 09:50
726cebe8-568c-424f-a231-cc7350ccafc0,offspring.events,available,9.78,36.56,high,low,9,porkbun,,,28/09/2026 11:24
e2dba261-b4a0-47de-8ac4-97f7c4f2aa5a,till.events,available,15.99,45.99,high,low,4,namesilo,,,28/09/2026 05:18
3c89fc84-d071-45e9-bba3-b8c5df39522a,ambled.events,available,10.48,57.98,medium,low,6,namecheap,,,20/09/2026 05:58
04f4dfc9-87de-4feb-9de9-0077633d2a4b,decease.events,available,10.48,57.98,medium,low,7,namecheap,,,24/09/2026 19:36
8f2d7d34-c96d-40e2-bcb6-1c3a6ac6b114,irenic.events,available,10.48,57.98,medium,low,6,namecheap,,,22/08/2026 09:48
b6407730-93a1-4578-99b1-7489a4c25f87,hanks.events,available,35.2,35.2,medium,low,5,cloudflare,,,01/10/2026 19:55
78c9723b-d13f-4c14-8ed1-4a68a71ab3ff,scatty.events,available,10.48,57.98,medium,low,6,namecheap,,,
69bc76bd-383b-43ea-8a77-7bef0adb857e,cheever.events,available,15.99,45.99,medium,low,7,namesilo,,,02/10/2026 04:19
df4fd833-f930-4dd0-b19c-e04c84b4c936,patrolling.events,available,35.2,35.2,high,low,10,cloudflare,,,02/10/2026 07:25
434ce22b-2f5c-4648-ba2c-2d9a98603e7e,ringway.events,available,15.99,45.99,medium,low,7,namesilo,,,23/09/2026 07:12
c9c816fa-ec84-42d7-969f-2cfd5dd26510,zionist.events,available,10.48,57.98,high,low,7,namecheap,,,13/09/2026 15:21
95e60882-a6e5-42fa-b8b8-4d8ea64ab7d5,dodd.events,available,9.85,37.67,high,low,4,dynadot,,,30/09/2026 12:38
63ada5e5-2797-4fca-b8b2-f22fd8478736,pirie.events,available,9.85,37.67,medium,low,5,dynadot,,,02/10/2026 20:25
c7689a4d-c2ee-4487-91b3-20fa208bb064,barde.events,available,15.99,45.99,medium,low,5,namesilo,,,22/09/2026 05:12
79d472fd-1c18-4f24-be56-d406aab5c984,slant.events,available,10.48,57.98,high,low,5,namecheap,,,22/08/2026 22:07
866710cf-c1eb-4bf3-92d1-b48dd4e8e9df,breslau.events,available,9.52,36.43,medium,low,7,spaceship,,,28/09/2026 18:29
393c836e-b9ca-4aaa-9dd0-d44a1e41e6c0,oneonta.events,available,35.2,35.2,medium,low,7,cloudflare,,,03/10/2026 06:11
f6dbe975-f292-4b4c-b819-54f1c6c579f3,willie.events,premium,38.94,38.94,medium,low,6,namesilo,,,25/09/2026 11:47
c02da042-ff75-4f40-a978-5e27ae27cbe3,format.events,available,10.48,57.98,high,low,6,namecheap,,,29/09/2026 18:35
2dc5b031-7bf2-4455-83ee-4797840eec57,abnormalcy.events,available,10.48,57.98,medium,low,10,namecheap,,,16/09/2026 16:19
953fef80-d129-48e5-84a6-57a47c548216,flashing.events,available,15,,medium,low,8,unstoppable,,,28/09/2026 19:14
a27968d0-18d9-4cde-a537-06a35c4ec0a4,credence.events,available,15.99,45.99,high,low,8,namesilo,,,16/09/2026 21:59
94172575-51f4-41a8-a32f-ef2f3669b93d,melrose.events,available,9.52,36.43,medium,low,7,spaceship,,,28/09/2026 08:55
2169074b-97bc-4581-a29a-04860a95dda6,penzance.events,available,35.2,35.2,medium,low,8,cloudflare,,,02/10/2026 19:38
994e9df0-ce35-409d-bc62-fe1992a811b7,monocled.events,available,10.48,57.98,medium,low,8,namecheap,,,09/08/2026 17:15
e0ce8488-eb4d-4120-b7e6-15e24dcbb797,dinky.events,available,10.48,57.98,medium,low,5,namecheap,,,14/08/2026 08:14
19e3c7ed-f8dd-4319-abb1-6e7a242123d6,sincerely.events,available,9.78,36.56,high,low,9,porkbun,,,28/09/2026 16:38
8f7abea4-3bb7-4e33-a8cc-f2905cdc750c,hamm.events,available,15.99,45.99,medium,low,4,namesilo,,,29/09/2026 21:55
5b413df4-5f44-4612-8993-57eff3530462,amazed.events,available,15.99,45.99,high,low,6,namesilo,,,22/09/2026 03:33
a526d9ed-07e7-4962-9bef-a6815f3c829e,contrary.events,available,10.48,57.98,high,low,8,namecheap,,,23/09/2026 22:29
98bb788c-5be9-4f9b-9237-4b182c65756c,cartilage.events,available,10.48,57.98,high,low,9,namecheap,,,01/10/2026 01:18
a5feefc0-5d85-4572-958b-e03e04a5e006,receivers.events,available,15,,medium,low,9,unstoppable,,,01/10/2026 18:30
a08dcd3e-bd4a-4b36-968a-0f194298f0fb,antique.events,available,15.99,45.99,high,low,7,namesilo,,,21/09/2026 22:23
3248fd9d-d102-4cbd-8dea-b171009d1b90,deirdre.events,available,15,,medium,low,7,unstoppable,,,30/09/2026 20:53
8414bdb7-a33f-4f54-8bb1-69ea0139cf68,methuen.events,available,15.99,45.99,medium,low,7,namesilo,,,30/09/2026 14:06
d2eed2b2-bd69-496b-a92f-26b60d743727,dubious.events,available,10.48,57.98,medium,low,7,namecheap,,,14/08/2026 16:57
95eb1280-3a21-4b29-a12f-eef15bdea98d,motorcycles.events,premium,102.67,102.67,medium,low,11,spaceship,,,30/09/2026 06:06
c99c8eda-d989-4567-8ea4-08abd9b94ec8,josephine.events,premium,33.5,,high,low,9,unstoppable,,,28/09/2026 12:04
bdee5963-19ae-4037-b5dd-588ec1d34e98,corpulence.events,available,10.48,57.98,medium,low,10,namecheap,,,04/09/2026 22:00
b5967551-df73-4435-8ff0-32b57a0a01cb,footballs.events,available,15.99,45.99,medium,low,9,namesilo,,,20/09/2026 06:56
89819bd6-3a75-4a26-b41a-e813aff472c1,clipboards.events,available,15.99,45.99,medium,low,10,namesilo,,,20/09/2026 11:59
c32927d3-0e5d-44d2-b6af-9024225fab2e,verily.events,available,10.48,57.98,medium,low,6,namecheap,,,16/09/2026 10:51
43ade12c-9b4b-4ad7-8788-407d776ca227,causes.events,available,15.99,45.99,medium,low,6,namesilo,,,27/09/2026 09:34
60881a5a-8a5c-4976-b428-08bb3e6d079d,doubling.events,available,15,,high,low,8,unstoppable,,,29/09/2026 16:36
65816db4-5b7d-41f9-bb97-271641ff2616,johns.events,premium,36.32,72.57,high,low,5,porkbun,,,29/09/2026 07:22
11d6f79e-b146-4766-825d-c954faa992d8,messina.events,available,15.99,45.99,medium,low,7,namesilo,,,28/09/2026 14:51
04c3b0ad-69e6-4705-97b9-f8f14df8ca30,mutely.events,available,10.48,57.98,low,low,6,namecheap,,,15/09/2026 15:47
74e682df-6b53-408c-9539-a697518a3bf2,polemic.events,available,10.48,57.98,medium,low,7,namecheap,,,08/09/2026 22:51
8be42e14-370e-4794-9312-9874a1d304d7,strengths.events,available,15.99,45.99,medium,low,9,namesilo,,,18/09/2026 22:25
b4819ad5-4d24-41ff-aa2c-0ddd1f5e5ee0,glossary.events,available,9.52,36.43,high,low,8,spaceship,,,29/09/2026 20:53
a5589bda-34df-4dbb-b34b-844f3a805bf0,nineties.events,available,15.99,45.99,medium,low,8,namesilo,,,16/09/2026 12:01
45b28ebc-5331-4e32-9a95-0c76b0ea22b0,tricksy.events,available,10.48,57.98,medium,low,7,namecheap,,,13/08/2026 04:36
de6a082a-9d13-40cf-969b-647de0ebc58a,xxiii.events,available,10.48,57.98,medium,low,5,namecheap,,,
cd2d02b0-cf22-4d0b-a7b4-2a6a56610b55,chamomile.events,available,15.99,45.99,high,low,9,namesilo,,,19/09/2026 13:01
6d5ad9b7-55fb-4813-852c-f253da16d9c9,assuredly.events,available,10.48,57.98,medium,low,9,namecheap,,,13/09/2026 22:09
a7397fb6-fd4c-4eb9-8e0d-48c44171d980,cupboard.events,available,15.99,45.99,high,low,8,namesilo,,,24/09/2026 15:58
ee93bbda-2878-42ce-95f8-39b065ae0565,shogunate.events,available,15.99,45.99,medium,low,9,namesilo,,,21/09/2026 05:18
f0327fba-a1b0-4d89-b023-25d3be4578d8,whitney.events,available,35.2,35.2,medium,low,7,cloudflare,,,28/09/2026 13:59
ccaf706b-30de-4ef4-bd55-4cb7ad8ccd8d,pulitzer.events,available,9.52,36.43,high,low,8,spaceship,,,29/09/2026 19:26
5d5e984d-ab8e-4eda-a1f2-f828a2a156a6,ambitions.events,available,15.99,45.99,medium,low,9,namesilo,,,20/09/2026 04:21
ef28a1bc-b1a3-4a63-86b1-c61d4d7f9779,coastal.events,premium,118.8,118.8,high,low,7,namesilo,,,12/08/2026 14:10
922e54e5-6234-4ef2-b5c6-53b714ac397f,chicago.events,resell,,,high,low,7,"NameSilo, LLC",07/06/2014 16:00,07/06/2027 16:00,26/09/2026 04:54
b62e5a55-e27e-480d-bb7f-3e5f3832d7e7,progressively.events,available,9.52,36.43,medium,low,13,spaceship,,,30/09/2026 12:19
10f8e487-b21c-4041-a665-334053c93048,wiggins.events,available,15.99,45.99,high,low,7,namesilo,,,28/09/2026 16:37
e33e866c-4ea9-4b84-aa26-1de7d0e05288,aciculate.events,available,10.48,57.98,medium,low,9,namecheap,,,
d289b62d-ab0b-45fe-a4e5-97c6d1b7f85f,trajectory.events,available,15,,high,low,10,unstoppable,,,29/09/2026 20:33
9e8315e9-f718-4293-8107-b5c982942583,polydactyl.events,available,10.48,57.98,medium,low,10,namecheap,,,08/09/2026 23:13
2e1b810d-cd3c-4a71-bf45-19881315befd,igf.events,available,9.52,36.43,high,low,3,spaceship,,,03/10/2026 03:46
af704a44-9def-43f0-8f01-b220505eff88,posed.events,available,10.48,57.98,high,low,5,namecheap,,,09/09/2026 00:04
91758d5b-2f26-4993-b965-cca90d63eaf3,carr.events,available,9.52,36.43,medium,low,4,spaceship,,,29/09/2026 14:27
e0392f5d-aaf3-47d0-812c-f68cbdd691cc,giotto.events,available,9.52,36.43,high,low,6,spaceship,,,03/10/2026 00:57
2e92ca6d-e1f6-4022-809f-44b4d5e44b02,absorption.events,available,10.48,57.98,high,low,10,namecheap,,,16/09/2026 18:19
f351543a-6800-4ae0-b992-b01f3115b543,imprisoned.events,available,10.48,57.98,medium,low,10,namecheap,,,11/08/2026 18:22
d9284091-7db4-42fc-b9fc-84def92c1126,tues.events,available,9.52,36.43,high,low,4,spaceship,,,30/09/2026 14:03
4e76a8dc-46ad-424f-8729-66bfb201840b,jamie.events,available,10.48,57.98,high,low,5,namecheap,,,25/09/2026 17:50
7c6a0640-d706-4439-a066-7f0b14591406,asked.events,available,10.48,57.98,high,low,5,namecheap,,,01/10/2026 19:00
91df10ee-d6f4-4997-993e-73b7a676f857,moneyed.events,available,10.48,57.98,medium,low,7,namecheap,,,
faa3734f-0102-49b3-9850-4e39dd86484a,waking.events,available,10.48,57.98,high,low,6,namecheap,,,13/09/2026 07:47
b2d24ed3-365c-404e-ab13-7f1dbbe53389,saleh.events,available,15.99,45.99,high,low,5,namesilo,,,29/09/2026 22:35
9457c59a-f66c-43fa-b307-64463f5a22bd,annihilation.events,available,9.52,36.43,medium,low,12,spaceship,,,02/10/2026 21:42
47b46d22-3fef-4e8c-9b1e-a2d4c0deaca1,eames.events,available,9.52,36.43,medium,low,5,spaceship,,,01/10/2026 18:56
572b71ee-3cbe-4b87-98e9-367c2bb43010,gandhi.events,available,35.2,35.2,high,low,6,cloudflare,,,29/09/2026 20:38
3a32630d-e6fd-4981-831c-ba229bf47f11,disaster.events,premium,42.9,42.9,high,low,8,namecheap,,,24/09/2026 11:38
b2fca0b1-742f-4bb4-87e1-5febaa4219ca,plundered.events,available,10.48,57.98,medium,low,9,namecheap,,,24/08/2026 09:47
9851e1b1-7085-4290-86ea-eb6bd7bd8dd1,huddled.events,available,10.48,57.98,medium,low,7,namecheap,,,21/08/2026 14:34
eea3060d-8104-4d2e-ba5d-10a4b0d916eb,bacca.events,available,15.99,45.99,high,low,5,namesilo,,,21/09/2026 13:55
564da67e-1c85-4cd7-8ecf-5647296c54ff,anode.events,available,15.99,45.99,high,low,5,namesilo,,,19/09/2026 11:14
f8434669-817f-424f-b5cb-c6aac86b61c1,reinforcement.events,available,9.85,37.67,medium,low,13,dynadot,,,29/09/2026 22:51
7abe59e4-a474-41ff-a840-755abf703918,awful.events,available,10.48,57.98,high,low,5,namecheap,,,22/09/2026 15:06
51cc5898-9d99-4cca-99d0-d23a2b2d8341,scraped.events,available,15,,low,low,7,unstoppable,,,02/10/2026 02:28
036b8cba-9171-4c67-93c5-d1d89cfb5ad4,aerolite.events,available,15.99,45.99,medium,low,8,namesilo,,,17/09/2026 13:06
f9c5941b-341e-43df-84ae-ae0dc5f262dd,woolley.events,available,15,,medium,low,7,unstoppable,,,29/09/2026 20:22
e8fb95c8-aae3-408c-ae24-623d57cee83a,delineate.events,available,10.48,57.98,high,low,9,namecheap,,,14/08/2026 00:39
4d9d1e56-de47-4791-bf48-71dda4d0db65,changsha.events,premium,99.5,,medium,low,8,unstoppable,,,02/10/2026 00:31
806e1758-3b83-43c5-b2f7-9c3185c29f09,allele.events,available,15.99,45.99,medium,low,6,namesilo,,,18/09/2026 10:44
86f21593-635e-4ee8-af64-5f9abd809e82,walkway.events,available,15.99,45.99,high,low,7,namesilo,,,02/10/2026 16:20
621f9b02-5d2c-4271-a220-65c3e179a98d,marshy.events,available,10.48,57.98,medium,low,6,namecheap,,,10/08/2026 17:03
2606d767-9f78-46e0-a2eb-59034b7c0318,verbatim.events,available,10.48,57.98,high,low,8,namecheap,,,13/09/2026 02:21
e1ec695b-1268-4d36-a211-10b0df17402d,renting.events,available,9.85,37.67,high,low,7,dynadot,,,29/09/2026 13:46
1620c454-228b-4ac3-a62a-edb36f2a4bbd,encomium.events,available,10.48,57.98,high,low,8,namecheap,,,05/09/2026 00:40
27304e08-dd41-4a8e-a159-8e8972657b9e,ventures.events,premium,108.9,108.9,high,low,8,dynadot,,,01/10/2026 17:59
2c59268d-936f-4405-ad8d-3d6539d9ace1,ossiculate.events,available,10.48,57.98,medium,low,10,namecheap,,,04/09/2026 18:24
02f26f7b-27a4-4d0b-97aa-fa4f40644836,jeter.events,available,9.52,36.43,medium,low,5,spaceship,,,02/10/2026 20:39
6d5699d6-49d4-41db-afea-992bb2c71070,tempra.events,available,15.99,45.99,medium,low,6,namesilo,,,16/09/2026 23:57
e65204a0-1db9-4f64-abdc-290cdb0201f3,stab.events,available,9.52,36.43,high,low,4,spaceship,,,28/09/2026 02:12
f8687699-0863-436d-a1a5-64a67d3374bc,illustrated.events,available,15.99,45.99,high,low,11,namesilo,,,01/10/2026 10:17
6eca973b-058e-4025-a9c3-534df15b424d,exhausted.events,available,10.48,57.98,medium,low,9,namecheap,,,14/08/2026 14:43
5a56ee39-fb32-4e64-aeae-b10ae975122a,acyclic.events,available,10.48,57.98,medium,low,7,namecheap,,,
0728992c-289b-4eb3-8a3e-f81c30f9935c,disjoined.events,available,10.48,57.98,medium,low,9,namecheap,,,14/08/2026 11:07
77ed1539-6c1f-472f-b468-0ab2f03aec83,productivity.events,available,35.2,35.2,high,low,12,cloudflare,,,29/09/2026 23:18
d36f5456-42eb-4cbc-bb30-8829cddad314,aneurysm.events,available,15.99,45.99,medium,low,8,namesilo,,,19/09/2026 05:41
6b1d9774-9efd-4b17-bc10-2acde7e3e823,hebrew.events,available,10.48,57.98,high,low,6,namecheap,,,21/08/2026 05:43
36f0ba91-aadf-4172-a086-aa4f471c930a,accessories.events,available,9.52,36.43,medium,low,11,spaceship,,,01/10/2026 18:53
700da1bd-440c-46f3-9083-85f87adffd90,defenders.events,available,9.85,37.67,medium,low,9,dynadot,,,01/10/2026 00:48
f33a50e7-9f9e-431f-8076-9c402ff81400,judged.events,available,15.99,45.99,low,low,6,namesilo,,,28/09/2026 12:50
c072f3c3-530d-4f3e-a72f-aa1d83d97452,doubts.events,available,9.85,37.67,low,low,6,dynadot,,,28/09/2026 04:45
c7de6145-efe8-468e-bfe6-6f1786117a42,yama.events,available,9.52,36.43,high,low,4,spaceship,,,03/10/2026 02:22
29336859-eaf4-4d5e-81f5-1e3690f98003,partisan.events,available,10.48,57.98,high,low,8,namecheap,,,08/09/2026 02:07
c75eb856-2144-4798-8eb3-8617ab82a604,lindsay.events,available,15.99,45.99,high,low,7,namesilo,,,29/09/2026 23:06
9642b15f-4c1f-4192-a0c8-7ec6b65354de,blende.events,available,15.99,45.99,medium,low,6,namesilo,,,24/09/2026 05:43
0f91629f-770f-43c6-986e-ce7e30f1ba22,baptists.events,available,15.99,45.99,high,low,8,namesilo,,,22/09/2026 03:33
ca97b206-86e8-4d75-bd00-954f40994b18,touchable.events,available,10.48,57.98,high,low,9,namecheap,,,11/09/2026 07:57
ea8b3d9a-db5e-402a-b76c-5c01545a1c27,subtropic.events,available,10.48,57.98,medium,low,9,namecheap,,,10/09/2026 03:34
a376b123-aa7d-402a-88a9-6b6b6fc47ebf,observant.events,available,10.48,57.98,high,low,9,namecheap,,,22/08/2026 21:19
b3c0c842-822f-4de5-9786-6bbc7e9602a9,forepart.events,available,10.48,57.98,medium,low,8,namecheap,,,18/08/2026 16:13
d46a28da-5486-4b7e-af33-6746ac671760,epochal.events,available,10.48,57.98,high,low,7,namecheap,,,17/08/2026 11:24
34bcf518-993e-4379-ac1d-2f053af89c59,dustbin.events,available,10.48,57.98,medium,low,7,namecheap,,,20/09/2026 13:42
66f9420c-0383-499f-9300-3ee5bd0788dd,velocities.events,available,15.99,45.99,medium,low,10,namesilo,,,18/09/2026 19:40
f0ee4f2d-6f0c-45f3-b212-e9e5cb4db224,programme.events,available,15.99,45.99,high,low,9,namesilo,,,24/09/2026 16:59
8a66eea6-3861-4fa4-a081-46ce616b16de,maimonides.events,available,35.2,35.2,medium,low,10,cloudflare,,,29/09/2026 13:20
4557efa5-a5e7-4f7b-bb95-ddae1a2b527c,apparition.events,available,10.48,57.98,high,low,10,namecheap,,,08/09/2026 18:34
f103c18a-debc-4304-aa71-2de6fa9cc97e,vocation.events,available,9.52,36.43,high,low,8,spaceship,,,30/09/2026 16:34
9b785a16-5573-4700-8656-7063cdad5b5b,rad.events,premium,68.51,68.51,high,medium,3,spaceship,,,02/10/2026 06:10
438f4840-113d-496d-be66-df30a5b46f92,pupils.events,available,35.2,35.2,low,low,6,cloudflare,,,28/09/2026 17:49
185ae4e3-e2c7-4df2-96c3-796dd3449c40,farmstand.events,available,15,,medium,low,10,unstoppable,,,03/10/2026 02:04
cb668ffe-1196-4818-9019-4d61bb9b1633,genre.events,available,15,,high,low,5,unstoppable,,,29/09/2026 07:04
34a66dee-c4d2-46c5-97e8-2ab98346ce54,slimy.events,available,10.48,57.98,medium,low,5,namecheap,,,14/08/2026 04:03
d4846300-6968-4b60-a04d-30dd706efec3,thug.events,available,15.99,45.99,medium,low,4,namesilo,,,27/09/2026 08:15
1cdd1e8e-9c36-44ba-a89b-f047bc6e5017,phoebe.events,available,10.48,57.98,medium,low,6,namecheap,,,
d1844a3b-0b5f-4e14-b98c-760766ae7c59,marseilles.events,available,15.99,45.99,high,low,10,namesilo,,,02/10/2026 16:05
5ac009d5-df8c-4ccf-ba4b-6bf043ac862d,ornate.events,available,10.48,57.98,high,low,6,namecheap,,,04/09/2026 17:59
c48db382-2670-430f-863a-ece3bc5740dc,animal.events,premium,118.8,118.8,high,low,6,namesilo,,,08/09/2026 11:39
5dd4c464-4698-48f4-8f1b-ccd009a7a208,dragonfly.events,resell,,,high,low,9,,,,30/09/2026 01:23
0a3fe676-ae9e-43d1-9162-9c24b51f59f2,albumin.events,available,10.48,57.98,medium,low,7,namecheap,,,18/09/2026 03:26
3f2ebdaf-07a4-4363-bb64-64eb2ab5a607,sightly.events,available,10.48,57.98,high,low,7,namecheap,,,10/08/2026 18:49
021386b6-8502-4313-ad54-7a224542a324,baseline.events,available,15.99,45.99,high,low,8,namesilo,,,22/09/2026 10:15
30f11944-8db6-4d0b-8458-b33641130eff,managerial.events,available,10.48,57.98,high,low,10,namecheap,,,24/08/2026 14:32
03cf9963-6787-42f9-98c0-91ad19d9f0a0,khomeini.events,available,10.48,57.98,medium,low,8,namecheap,,,21/09/2026 10:36
a20fadcf-a3a8-407b-a3ad-d6497418a41d,pretender.events,available,10.48,57.98,high,low,9,namecheap,,,08/09/2026 19:12
6c18a915-e4df-4e98-ac7b-39455abb23b1,fading.events,available,15.99,45.99,medium,low,6,namesilo,,,21/09/2026 01:33
09cb58f9-1475-4aa8-8945-a3a9101022b4,protrusive.events,available,10.48,57.98,medium,low,10,namecheap,,,09/09/2026 04:20
180ea664-9ac3-49f5-b405-256462ca1021,glassed.events,available,10.48,57.98,medium,low,7,namecheap,,,20/08/2026 14:07
57468ab9-41d2-462f-895c-6599757bc841,believer.events,available,15.99,45.99,high,low,8,namesilo,,,23/09/2026 05:13
0d9893a0-b840-446a-b18f-dfe36e8bc240,stainable.events,available,10.48,57.98,low,low,9,namecheap,,,10/09/2026 18:12
9afe8553-8ee4-4aeb-ab5f-5168212887e1,humming.events,available,15.99,45.99,high,low,7,namesilo,,,29/09/2026 07:18
41fc18e6-e46e-4c1c-a30e-75a8030efd6a,ambo.events,available,15.99,45.99,medium,low,4,namesilo,,,18/09/2026 17:17
cc0c565d-18bb-4caf-9d8c-fdd5104d9d3c,assurance.events,available,10.48,57.98,high,low,9,namecheap,,,20/09/2026 16:44
7647f6b2-8414-4513-9633-fffeca700a83,psychology.events,premium,78.54,78.54,high,low,10,namesilo,,,30/09/2026 08:50
cb249243-437b-4ba3-a85e-9223a4293c89,rbi.events,available,9.85,37.67,high,low,3,dynadot,,,29/09/2026 07:55
33f04efb-0950-41f0-bba9-b70cdf8e70d1,foothold.events,available,17.99,56.99,high,low,8,name.com,,,24/09/2026 10:16
2c3a11bd-7e95-4c40-8a52-f2d4e5092e63,kristine.events,available,9.52,36.43,medium,low,8,spaceship,,,02/10/2026 19:48
47aeef94-d0ea-46b2-a87d-3515b8fe45c4,abstinence.events,available,10.48,57.98,high,low,10,namecheap,,,16/09/2026 18:24
0be6607f-b395-4e15-bddb-36778b0945ea,captivity.events,available,9.52,36.43,medium,low,9,spaceship,,,29/09/2026 11:51
ecd1aeb2-ccdf-49c9-b419-ddb35cfb8ff0,doomed.events,available,10.48,57.98,medium,low,6,namecheap,,,14/08/2026 15:57
2231f098-e8a3-4099-94e3-ee78c8342b8b,narial.events,available,10.48,57.98,medium,low,6,namecheap,,,03/09/2026 13:14
27892dfe-5092-43a9-815a-aee179b4aefb,tucson.events,resell,,,medium,low,6,,,,29/09/2026 02:22
d5153c73-4175-41fd-a37c-ac92730b8980,reverend.events,available,10.48,57.98,high,low,8,namecheap,,,09/09/2026 16:06
35f5fd0d-9d48-4ed0-a32b-c3e7fbbc7c7d,traditional.events,available,15.99,45.99,high,low,11,namesilo,,,27/09/2026 16:56
11f8d2cb-af6c-49a7-97f3-92d598cf9368,novosibirsk.events,premium,102.67,102.67,medium,low,11,spaceship,,,30/09/2026 05:10
36d25ffd-0579-4ff1-9565-3a755e0774fa,austrian.events,premium,38.94,38.94,high,low,8,namesilo,,,22/09/2026 13:38
680f77fb-ceb9-456e-b101-248eb0c62783,underlying.events,available,10.48,57.98,high,low,10,namecheap,,,21/08/2026 22:41
cfbc8bff-4dc0-452c-aead-1bdd28e4f2cc,bulimia.events,available,15.99,45.99,medium,low,7,namesilo,,,23/09/2026 17:32
28b56f51-b49a-440b-8a3b-fd2b392c1ae7,voracious.events,available,10.48,57.98,medium,low,9,namecheap,,,15/08/2026 06:15
8c311226-c60d-43d4-b8a6-df6c7b442480,papery.events,available,10.48,57.98,medium,low,6,namecheap,,,12/08/2026 02:43
ee68531c-7c3a-4062-a92e-b9e70b5de71f,cooperative.events,available,15.99,45.99,high,low,12,namesilo,,,29/09/2026 02:51
c920a9a7-90b2-4da7-8a4f-de94dbee9c15,recipient.events,available,9.78,36.56,high,low,9,porkbun,,,30/09/2026 09:19
8aec7fc5-0f0c-4763-b73c-74ae01384a2f,janesville.events,available,10.48,57.98,medium,low,10,namecheap,,,02/10/2026 10:33
c82d696d-d976-4590-bb29-031f8891a6e7,querier.events,available,10.48,57.98,medium,low,7,namecheap,,,20/09/2026 14:26
4fc7d39e-4361-4c7c-a84c-f60d9fbd55d1,repose.events,available,10.48,57.98,high,low,6,namecheap,,,20/09/2026 19:37
281cedb8-5519-4dd9-a608-64965ca9a2f0,straw.events,available,10.48,57.98,high,low,5,namecheap,,,10/09/2026 22:03
ef2e7f1f-19c6-498d-9245-d8a7c5bc9860,lithic.events,available,10.48,57.98,medium,low,6,namecheap,,,24/08/2026 07:28
c8c1d02d-31f0-49dd-ab25-1f9a66136236,exchangeable.events,available,9.52,36.43,high,low,12,spaceship,,,01/10/2026 23:07
061560d1-4f81-481c-8436-0dc151fd0da1,wahoo.events,available,10.48,57.98,medium,low,5,namecheap,,,16/09/2026 20:48
4ac9831f-7657-404e-a278-850a91126eda,benjamin.events,available,15.99,45.99,high,low,8,namesilo,,,20/09/2026 12:34
37dc0074-3e14-4646-a82c-d8b70039fb5e,imbricate.events,available,10.48,57.98,medium,low,9,namecheap,,,21/08/2026 20:35
0e24a8d9-3647-4e85-a3fe-f698f76fd74d,verona.events,available,15.99,45.99,high,low,6,namesilo,,,27/09/2026 05:51
850e7c15-02fe-4519-a847-26baca5d9999,negroes.events,available,35.2,35.2,low,low,7,cloudflare,,,30/09/2026 23:48
bf1f80a5-5999-438f-9f7d-d8a763174643,continuum.events,available,35.2,35.2,high,low,9,cloudflare,,,01/10/2026 01:33
ca0c4e8e-2384-4d8f-a179-ea6d946aa8f8,diehards.events,available,15.99,45.99,low,low,8,namesilo,,,20/09/2026 23:29
1eccad4a-094f-43e2-b75a-7e5c6b4aa4e2,metrical.events,available,10.48,57.98,medium,low,8,namecheap,,,24/08/2026 22:08
643e2678-527a-4da2-ba76-92f4d4ed8a8d,warn.events,available,9.52,36.43,high,low,4,spaceship,,,28/09/2026 03:18
7d6a285f-2ed8-406d-815b-de075569becb,cambrian.events,available,10.48,57.98,high,low,8,namecheap,,,11/08/2026 15:45
767b4449-6e1c-46f2-b9fe-fea7241e654a,chesney.events,available,15,,medium,low,7,unstoppable,,,03/10/2026 04:21
d2c9fabb-2afe-47c1-8d21-7fdedd2f7abd,flooding.events,available,15.99,45.99,medium,low,8,namesilo,,,29/09/2026 00:57
f3e3ee60-9a6e-43d3-b143-6d55dff9f6c8,robyn.events,available,9.52,36.43,high,low,5,spaceship,,,29/09/2026 22:07
d19117b2-e870-4976-a503-ecb8c56025a8,simmons.events,available,15,,medium,low,7,unstoppable,,,28/09/2026 07:47
5a418056-3d09-4f49-b6d9-a849e679980d,handing.events,available,15,,medium,low,7,unstoppable,,,28/09/2026 11:31
47097c56-551b-433e-b816-34144313cf5b,pudendal.events,available,10.48,57.98,medium,low,8,namecheap,,,09/09/2026 05:28
ad8aa335-de06-4d60-8a6f-76e95d315c90,complexity.events,available,15.99,45.99,high,low,10,namesilo,,,24/09/2026 16:49
a50e3c7f-f784-4e29-bcab-30d3bac73ac5,hale.events,available,10.48,57.98,high,low,4,namecheap,,,20/08/2026 22:23
b6a7b42a-8db5-49c3-b6c3-84846df969a1,puppet.events,available,9.52,36.43,high,low,6,spaceship,,,28/09/2026 02:20
6d3a0456-b5d5-4a91-8da7-1d6d1e06cf1d,clipping.events,available,15.99,45.99,high,low,8,namesilo,,,24/09/2026 15:47
dead39d3-1f57-4a5a-850b-06c4f19b6757,bigarade.events,available,10.48,57.98,medium,low,8,namecheap,,,23/09/2026 15:03
2f09ebf5-10e4-48a4-bfb8-965f9459a8f4,azimuth.events,available,15.99,45.99,high,low,7,namesilo,,,21/09/2026 10:54
16f12b58-3fc0-4864-885d-1162b2b107ac,coined.events,available,15.99,45.99,medium,low,6,namesilo,,,02/10/2026 01:39
8066d100-ce0d-4c98-b99b-cef2322fc423,avery.events,available,10.48,57.98,high,low,5,namecheap,,,25/09/2026 15:31
a162e8c3-0332-41ab-b3cc-931f3160820c,manlike.events,available,10.48,57.98,medium,low,7,namecheap,,,24/08/2026 14:48
3b023fa3-838c-439f-a862-8d425de74162,alienist.events,available,15.99,45.99,medium,low,8,namesilo,,,18/09/2026 07:40
ec194779-49c6-4208-9e51-0d23bafd0ec8,regularly.events,available,10.48,57.98,high,low,9,namecheap,,,15/09/2026 17:25
df77e9e4-c73d-40b4-a0d1-fc00d9863131,irt.events,available,35.2,35.2,low,low,3,cloudflare,,,29/09/2026 03:54
32a50c89-044a-42c2-8002-f3b7aee189e8,payton.events,available,15,,medium,low,6,unstoppable,,,30/09/2026 07:49
cac4e489-ff23-4e74-b346-037681e689b5,somnolent.events,available,10.48,57.98,medium,low,9,namecheap,,,10/09/2026 11:38
3cf952b0-7f6e-4f94-a683-ff0eed827740,despair.events,available,10.48,57.98,medium,low,7,namecheap,,,28/09/2026 09:31
8052da16-8bdc-46a0-9e0e-fe40803f7161,rockets.events,available,15.99,45.99,medium,low,7,namesilo,,,28/09/2026 13:30
12187ede-47e9-4650-9a83-5b264b64d0ea,tegular.events,available,10.48,57.98,medium,low,7,namecheap,,,11/09/2026 10:16
7d20062c-36c0-43a1-9ee0-517605f77fca,turns.events,available,15.99,45.99,medium,low,5,namesilo,,,18/09/2026 14:48
75cda84c-acfc-47a5-87bc-2d97fa8cb788,expects.events,available,15.99,45.99,medium,low,7,namesilo,,,20/09/2026 01:39
e65d4e11-6492-459e-aa3b-bb11d7879c68,unsightly.events,available,10.48,57.98,medium,low,9,namecheap,,,12/09/2026 19:53
1aec5803-05d9-41a4-acdc-0ce16e8fa2d7,frequencies.events,available,9.78,36.56,medium,low,11,porkbun,,,29/09/2026 10:28
7393f8c0-fa00-4dd6-aad1-74a78296e8ea,pounds.events,available,15.99,45.99,medium,low,6,namesilo,,,18/09/2026 01:51
71fc9c97-29b4-4346-a30c-51ff8f5cd70f,synonym.events,available,9.52,36.43,high,low,7,spaceship,,,03/10/2026 00:41
aaf24ad8-5fb2-40d5-a287-83f50fc23cee,windshield.events,available,35.2,35.2,high,low,10,cloudflare,,,29/09/2026 14:08
175ad8e7-0c2d-4901-b7de-d45dab7ade9e,unhindered.events,available,10.48,57.98,medium,low,10,namecheap,,,12/09/2026 11:55
019d2322-e70f-4173-8d9d-ff1ab98b5018,emblematic.events,available,10.48,57.98,medium,low,10,namecheap,,,16/08/2026 09:29
30ecc51e-6a7a-41b4-8845-fc465184d380,independence.events,premium,78.54,78.54,high,low,12,namesilo,,,28/09/2026 11:42
0c37cf62-bdb8-4049-9086-7e5ea8bb1079,baykal.events,available,10.48,57.98,high,low,6,namecheap,,,21/09/2026 18:56
cc7aa438-65bf-4361-aaaf-3821576bef0c,seedless.events,available,10.48,57.98,high,low,8,namecheap,,,10/09/2026 01:45
5631c43a-f74e-4582-9acd-1447111afd10,curable.events,available,10.48,57.98,high,low,7,namecheap,,,13/08/2026 10:59
6fbf0df9-450c-48ce-984e-a714209f8ed5,supplicant.events,available,10.48,57.98,medium,low,10,namecheap,,,11/09/2026 03:28
f658f6b0-b10d-4103-b4f6-74780d42be05,attracted.events,available,15.99,45.99,medium,low,9,namesilo,,,26/09/2026 03:10
93cd8ff1-5862-4334-a30c-bc4bc9195c1c,addled.events,available,10.48,57.98,medium,low,6,namecheap,,,
e9fbbdb3-881e-40c8-bcf6-47bd1e712a08,foliated.events,available,10.48,57.98,medium,low,8,namecheap,,,08/09/2026 09:20
27e3bc2a-4ffb-48f3-bbf3-39b581a73e5a,recyclable.events,available,10.48,57.98,high,low,10,namecheap,,,09/09/2026 11:31
6df31884-b35b-4ad0-ac53-8c288cfc595f,introduction.events,available,9.78,36.56,high,low,12,porkbun,,,03/10/2026 00:55
b188d318-15aa-4cf4-9cf0-257db0e9a994,bumpkin.events,available,10.48,57.98,medium,low,7,namecheap,,,21/08/2026 08:07
152a046f-8d27-49f5-8b0e-c3c4f94207a5,resisting.events,available,9.78,36.56,medium,low,9,porkbun,,,28/09/2026 21:16
e1e26ffe-f83d-489a-b9f9-84d62a25dba1,rudimentary.events,available,9.52,36.43,high,low,11,spaceship,,,01/10/2026 13:29
9fd81369-f8b9-488f-b082-5f959517babc,preachers.events,available,35.2,35.2,medium,low,9,cloudflare,,,02/10/2026 22:52
b48da714-6d8a-4aea-b548-48820e61ee4d,went.events,available,35.2,35.2,high,low,4,cloudflare,,,30/09/2026 22:44
9929d7a6-ae57-48ef-97be-3bbba4272e77,angkor.events,available,9.52,36.43,medium,low,6,spaceship,,,02/10/2026 20:28
6c86e587-eb83-4650-a33a-9162b1b936e5,listens.events,available,9.52,36.43,medium,low,7,spaceship,,,29/09/2026 11:31
c363f8f2-c110-4655-a3c0-d1a2c4c9adcd,racks.events,available,15.99,45.99,high,low,5,namesilo,,,02/10/2026 08:04
8dd40815-3a84-478c-a33e-21b5a0e50048,wickedly.events,available,10.48,57.98,medium,low,8,namecheap,,,14/09/2026 16:40
270c1923-e982-4e63-985e-1ec2eb947ac3,fears.events,available,15.99,45.99,medium,low,5,namesilo,,,27/09/2026 08:58
815e2933-3b16-46bf-aa61-b9a6eca70449,contribution.events,available,9.78,36.56,high,low,12,porkbun,,,28/09/2026 04:30
a443e972-2a59-4ed7-a1be-5e1488b3c3be,tethered.events,available,10.48,57.98,medium,low,8,namecheap,,,11/09/2026 12:10
831f6b60-2313-463d-867b-de9137ed795c,bearberry.events,available,17.99,56.99,medium,low,9,name.com,,,22/09/2026 20:57
32a8831b-31f4-4dd6-8cd8-ac870fb2445e,verifying.events,available,10.48,57.98,high,low,9,namecheap,,,12/08/2026 20:56
9f6020cd-681d-4393-a3e7-7f36e2ca21de,beauregard.events,available,15,,high,low,10,unstoppable,,,29/09/2026 21:40
ab459637-20ec-4dba-acd5-e25e16103a78,blanco.events,premium,118.8,118.8,high,low,6,namesilo,,,01/10/2026 04:49
a1fdff54-ee02-478c-bc76-6a6af0119fcc,unsorted.events,available,10.48,57.98,high,low,8,namecheap,,,12/09/2026 04:50
ef24a132-379f-4384-964b-f2a2531b5761,demented.events,available,10.48,57.98,medium,low,8,namecheap,,,11/08/2026 01:46
0f8569c0-9ce3-466d-9572-330b6837ba29,fumed.events,available,10.48,57.98,medium,low,5,namecheap,,,18/08/2026 18:20
b71e6058-2570-4471-884f-2bc2474aff2b,uncured.events,available,10.48,57.98,medium,low,7,namecheap,,,12/09/2026 06:39
1d5087b9-fc1e-4811-8f48-5bea8ce247b5,manners.events,available,15.99,45.99,high,low,7,namesilo,,,27/09/2026 04:41
c58d3f06-4f66-4501-ae56-c9cdbc0163c2,brisken.events,available,10.48,57.98,high,low,7,namecheap,,,11/08/2026 04:39
80d1abfa-9abc-44d3-a063-9f7131416dec,morose.events,available,10.48,57.98,medium,low,6,namecheap,,,20/08/2026 15:01
76e84c63-a876-484b-9d0f-50c6eb98d9ef,substances.events,available,9.52,36.43,medium,low,10,spaceship,,,29/09/2026 22:58
525b003c-b9b2-4062-9643-350778114ba2,moorhead.events,available,35.2,35.2,medium,low,8,cloudflare,,,30/09/2026 05:19
a9deea6a-834b-49c5-80c7-fcd4f4e11b6f,lula.events,available,15.99,45.99,medium,low,4,namesilo,,,30/09/2026 04:54
56d388b1-22dd-4ae0-9b41-f985bb236f91,randall.events,available,15,,high,low,7,unstoppable,,,28/09/2026 04:02
97198cf4-1252-436a-81c9-19c0bc7ffff0,nihilist.events,available,15.99,45.99,medium,low,8,namesilo,,,19/09/2026 02:26
dcfb4f50-b0ce-44f8-a8e6-9d12215351db,stakeholder.events,available,15.99,45.99,high,low,11,namesilo,,,29/09/2026 08:31
93c273d7-3a81-4019-a35e-dbf977b469fc,fools.events,available,15.99,45.99,medium,low,5,namesilo,,,27/09/2026 23:44
8a79425f-59f6-416b-b12f-e272adf1b20e,drogue.events,available,15.99,45.99,medium,low,6,namesilo,,,17/09/2026 21:47
c3dc8778-28d0-4e4f-a4b7-ab89ddbdea04,rugs.events,available,15.99,45.99,medium,low,4,namesilo,,,02/10/2026 03:20
24a5ed9c-c2f8-4d52-b442-954e07aa6479,tropically.events,available,15.99,45.99,medium,low,10,namesilo,,,16/09/2026 09:33
4639fa78-777c-48ee-a12a-0026e091ef08,seniors.events,available,9.52,36.43,medium,low,7,spaceship,,,29/09/2026 05:13
6676c25e-491b-40b5-b260-026d7a1451f7,competed.events,available,9.52,36.43,medium,low,8,spaceship,,,02/10/2026 23:24
311b0524-76c6-4c36-8d35-a70b853762b3,her.events,premium,68.51,68.51,high,low,3,spaceship,,,30/09/2026 22:04
02187205-51f3-46f0-b1cc-f88356226731,hairy.events,available,15.99,45.99,high,low,5,namesilo,,,24/09/2026 23:10
d0da1083-3d5d-412f-a7cc-ba82df7386a4,efforts.events,available,10.48,57.98,medium,low,7,namecheap,,,27/09/2026 22:23
4c1f2271-9758-4886-a482-c6baf6ea9208,bhaga.events,available,15.99,45.99,medium,low,5,namesilo,,,23/09/2026 12:29
3bba15af-8826-461f-80f9-9537a1936c75,arda.events,available,15.99,45.99,high,low,4,namesilo,,,17/09/2026 10:27
1be0b2c0-da4d-4b8d-9629-6aaad66e1067,dullard.events,available,10.48,57.98,low,low,7,namecheap,,,10/09/2026 23:07
4642d5d1-5161-4c88-aead-ebbf5379aec1,choppy.events,available,10.48,57.98,medium,low,6,namecheap,,,23/09/2026 14:30
7d5d81d8-f3e7-49b5-9748-2888aaa97fc4,babe.events,available,15.99,45.99,high,low,4,namesilo,,,29/09/2026 00:05
4d07757f-04a2-49ac-93fb-0ca5c77f8a1e,unwoven.events,available,10.48,57.98,medium,low,7,namecheap,,,12/09/2026 22:51
e0b22e97-d291-4636-8974-9d6497cbe244,umayyad.events,available,9.52,36.43,high,low,7,spaceship,,,30/09/2026 18:14
f51aae02-37ac-424e-865d-877bd99a6e1d,dumbfound.events,available,15.99,45.99,medium,low,9,namesilo,,,21/09/2026 17:37
7480d088-bd6d-4265-ba04-60e54729db85,wrought.events,available,10.48,57.98,medium,low,7,namecheap,,,25/08/2026 03:48
a3b18034-8f43-4102-9560-d5e9e954e686,liveable.events,available,10.48,57.98,medium,low,8,namecheap,,,24/08/2026 07:44
d4352481-1b0c-4539-a452-99e6c6f49948,aperiodic.events,available,10.48,57.98,medium,low,9,namecheap,,,05/08/2026 22:30
e9ac6654-7cfd-4ff2-a6d3-4087106e4121,tampico.events,available,9.85,37.67,high,low,7,dynadot,,,01/10/2026 04:00
79728d19-22f6-4f86-a81b-b0cc3a933ceb,eaten.events,available,15.99,45.99,high,low,5,namesilo,,,30/09/2026 22:38
c834f257-50ee-4780-8508-f260ef1289cf,incorporate.events,available,9.85,37.67,high,low,11,dynadot,,,03/10/2026 05:37
52a5a4a3-3587-4d6f-bcf9-609ae848f5d4,degradation.events,available,15.99,45.99,medium,low,11,namesilo,,,01/10/2026 12:58
0bb7ea75-4f56-4bef-9643-6c5611fb051e,eleventh.events,available,,,high,low,8,,,,
b73311a2-241e-4b72-864e-0f383c0868ef,tinkly.events,available,10.48,57.98,medium,low,6,namecheap,,,11/09/2026 16:15
cfba4d9e-6189-497c-9bcc-2aadf79ad1bd,taleteller.events,available,10.48,57.98,medium,low,10,namecheap,,,11/09/2026 10:32
c7ee4c4e-82e6-4b7b-8fc4-da0355cfeed3,pastoral.events,available,10.48,57.98,high,low,8,namecheap,,,06/08/2026 14:20
82aa8956-031f-4486-80a9-81e41a4575cf,mickey.events,available,15.99,45.99,high,low,6,namesilo,,,25/09/2026 09:22
c726d4b9-8958-4968-aeb7-7354b3a13160,deadlines.events,available,15.99,45.99,medium,low,9,namesilo,,,21/09/2026 08:50
e915a82c-7be5-431e-b548-ba33932462d2,downy.events,available,10.48,57.98,high,low,5,namecheap,,,14/08/2026 17:40
d6f47a1c-af2d-4099-b2c3-fdd732ba3bcc,awaits.events,available,15.99,45.99,medium,low,6,namesilo,,,30/09/2026 07:34
f110603a-e679-4613-97ff-057adde9928b,asphalt.events,available,15.99,45.99,high,low,7,namesilo,,,20/09/2026 15:08
ac4d1563-e8e1-42b1-a7c5-3635b8178241,brewster.events,available,15.99,45.99,medium,low,8,namesilo,,,28/09/2026 11:34
46132f1c-8e58-4fed-89b3-e9ed85c56cc2,rumours.events,available,15,,medium,low,7,unstoppable,,,30/09/2026 00:33
6a9e0e2f-0bb8-4e8a-b113-0d57c625cbd8,heartbroken.events,available,15.99,45.99,medium,low,11,namesilo,,,01/10/2026 22:52
c141fcaf-8aca-4b2e-a136-235b2b678ee3,sprinkle.events,available,10.48,57.98,high,low,8,namecheap,,,15/09/2026 20:15
11e95c62-c9ad-4632-a8f2-01d03aa3a295,dealings.events,available,9.78,36.56,high,low,8,porkbun,,,29/09/2026 18:35
9f7528a4-b030-4e95-aa23-89a614a439ce,teton.events,available,14.99,99.99,high,low,5,godaddy,,,30/09/2026 02:07
e82e011e-d5e8-4292-a537-e9d2b3d15a28,barbwire.events,available,10.48,57.98,medium,low,8,namecheap,,,22/09/2026 04:47
2c9cf8c1-50b9-4db5-b659-613c4bd003cd,afrl.events,available,15.99,45.99,medium,low,4,namesilo,,,17/09/2026 15:27
99be72e3-a04b-4e95-a1dc-7546ff434302,construct.events,available,15.99,45.99,high,low,9,namesilo,,,24/09/2026 10:59
8d55cec4-08c8-4880-b3f6-1bd6f0791b69,laptops.events,available,15.99,45.99,medium,low,7,namesilo,,,20/09/2026 12:33
054f36f8-0656-4b21-a59e-d861a11226ad,smuts.events,available,15.99,45.99,medium,low,5,namesilo,,,02/10/2026 05:27
11f6f66b-49e0-477b-be23-caf129dc762b,nin.events,available,15,,high,low,3,unstoppable,,,01/10/2026 22:17
567e266e-a93e-4547-b018-5c8b4c5f9ca0,tee.events,premium,66.5,,high,low,3,unstoppable,,,29/09/2026 18:55
d2bf98d8-3df5-47ef-956a-72bb64015862,jumps.events,available,21.99,,high,low,5,name.com,,,
2a6d4a8b-97db-4d12-b708-0ec20c3a5a73,dipper.events,available,15.99,45.99,high,low,6,namesilo,,,23/09/2026 14:29
f27658e0-6bff-4904-9b39-7c00fe8142d9,leaden.events,available,10.48,57.98,medium,low,6,namecheap,,,22/08/2026 21:44
6243463b-ba5f-4a94-992b-b579387d59c8,gansu.events,available,15.99,45.99,medium,low,5,namesilo,,,01/10/2026 02:15
3198bc3c-8ee3-4ff0-a633-a91e72e0b764,development.events,available,10.48,57.98,high,low,11,namecheap,,,01/10/2026 02:46
96479220-677c-466f-8056-6dd2b8b1c80f,lapsing.events,available,10.48,57.98,medium,low,7,namecheap,,,09/09/2026 16:15
6c09dd35-7c8e-488f-809d-9126acfe45bd,hereto.events,available,10.48,57.98,medium,low,6,namecheap,,,15/09/2026 00:34
381d3775-5387-498d-8f56-3c57f7f15529,tenure.events,available,35.2,35.2,high,low,6,cloudflare,,,29/09/2026 19:18
b7c4b346-4e39-4cc0-9de6-44067d0ae26f,mammalian.events,available,10.48,57.98,medium,low,9,namecheap,,,24/08/2026 14:19
4cd0fab3-203e-41ce-80d5-4f2210c7fb4b,examiner.events,available,9.52,36.43,medium,low,8,spaceship,,,28/09/2026 14:05
cdb37367-d843-4772-ba55-28e27a93b7a2,eta.events,premium,85.8,85.8,high,low,3,namecheap,,,22/09/2026 11:43
87dc729d-086b-49b4-bf08-b8dfd8a4cec5,alkaline.events,available,15.99,45.99,high,low,8,namesilo,,,22/09/2026 00:14
b280de0e-054b-4966-a676-5f28261bfba5,warrants.events,available,15.99,45.99,medium,low,8,namesilo,,,29/09/2026 11:17
a983d913-d00d-4350-9600-2b73c833c27d,donated.events,available,9.85,37.67,medium,low,7,dynadot,,,29/09/2026 00:11
d7fcc5b4-a61e-4b46-9cfa-fb291c100a78,livonia.events,premium,38.94,38.94,medium,low,7,namesilo,,,30/09/2026 02:09
cb2df10e-f775-4566-83a1-326a5374be8f,scotchtape.events,available,15.99,45.99,high,low,11,namesilo,,,16/09/2026 11:38
ac913407-a42a-4097-ac6b-2fa75cccbfce,tapping.events,available,15,,high,low,7,unstoppable,,,28/09/2026 20:35
c165a1da-fccd-4fb8-a38f-0b6470050744,wollaston.events,available,15,,medium,low,9,unstoppable,,,02/10/2026 17:10
986fd0a0-de3d-4164-a9e5-353b03f63b7c,merits.events,available,15,,medium,low,6,unstoppable,,,29/09/2026 16:29
456c4211-bf7c-49b0-9596-5e55fde48891,crowned.events,available,10.48,57.98,high,low,7,namecheap,,,13/08/2026 08:34
54d7a2e3-f141-4c47-9b0b-ef1bc2006286,slippers.events,available,9.52,36.43,medium,low,8,spaceship,,,30/09/2026 07:13
7608dc8e-e8f2-4b9a-9265-a15204cd147a,calciferol.events,available,17.99,56.99,medium,low,10,name.com,,,13/08/2026 15:07
3cd62361-d481-472e-b175-fa4c7a0f03e1,unending.events,available,10.48,57.98,high,low,8,namecheap,,,
c44fd335-d3e7-4a67-97fe-1deb896266a9,trustfully.events,available,10.48,57.98,medium,low,10,namecheap,,,14/09/2026 08:14
72febf20-cf88-46f3-bf20-6f294f15c9af,whacked.events,available,10.48,57.98,medium,low,7,namecheap,,,13/09/2026 11:08
9f8a63d6-02d4-45c7-b865-59d0b0215f9d,oregon.events,resell,,,high,low,6,,,,29/09/2026 01:45
9cde1c2d-d573-4421-9fc9-d72a0b7310e8,aires.events,available,10.48,57.98,medium,low,5,namecheap,,,25/09/2026 21:54
5fc1d56c-b81f-48d2-a5c3-c27864560a1a,biota.events,available,10.48,57.98,high,low,5,namecheap,,,23/09/2026 19:05
536d6ff3-c18b-4b79-b5e3-9209e67cc794,washy.events,available,10.48,57.98,medium,low,5,namecheap,,,10/08/2026 13:56
af184a06-928b-4a85-805a-27591966b9d3,sedan.events,available,35.2,35.2,medium,low,5,cloudflare,,,01/10/2026 03:37
48857b94-9bd8-478a-8a39-1fbcf695d3d1,installment.events,available,35.2,35.2,high,low,11,cloudflare,,,30/09/2026 19:52
1d123897-0942-48a7-b2fc-131daaf9ef22,ebenezer.events,available,9.85,37.67,high,low,8,dynadot,,,30/09/2026 20:11
a95887b9-8b5d-4deb-abae-2957a3a3d578,whistle.events,available,15.99,45.99,high,low,7,namesilo,,,25/09/2026 23:59
06f19479-828d-49e5-8597-46fbbf97ff21,mobilize.events,available,10.48,57.98,high,low,8,namecheap,,,01/10/2026 04:12
b07e4ac3-2403-4cb2-adf2-5e5530c2256c,karlsson.events,available,35.2,35.2,medium,low,8,cloudflare,,,02/10/2026 20:04
95280e45-e803-4c0f-8b0c-5090b148443f,otero.events,available,9.85,37.67,medium,low,5,dynadot,,,02/10/2026 00:57
9f31fa54-d6fb-4d77-bdf6-e0d2b649a5ae,candidly.events,available,10.48,57.98,medium,low,8,namecheap,,,14/09/2026 05:06
c0d3eec8-e6e4-4484-b9b1-1a3be2208f98,freewill.events,available,10.48,57.98,high,low,8,namecheap,,,18/08/2026 15:00
ae387dfd-063c-4e55-832f-d9f553676682,revealing.events,available,9.52,36.43,high,low,9,spaceship,,,27/09/2026 13:41
a91d0c22-8410-4444-931a-83aa895b2ef7,vaporous.events,available,10.48,57.98,medium,low,8,namecheap,,,12/08/2026 14:34
c032bb03-a5c1-432f-84ce-abfb6e301380,affiliates.events,available,15.99,45.99,high,low,10,namesilo,,,21/09/2026 06:56
2dc78e50-4cf3-4f91-bb24-0a61aba412e2,oyo.events,available,15.99,45.99,high,low,3,namesilo,,,03/10/2026 04:24
203becec-cb2c-4c32-bde7-53b0ad224bb4,governor.events,available,10.48,57.98,high,low,8,namecheap,,,27/09/2026 04:15
5e25839d-9528-4a11-b70a-cd595a9cfd36,affined.events,available,10.48,57.98,medium,low,7,namecheap,,,
1a23b8ec-ec0e-4708-bd9c-4a7a8b75ca90,punter.events,available,9.52,36.43,medium,low,6,spaceship,,,29/09/2026 02:17
42b24f1a-e3dd-447e-8784-a19b4e1f472c,barish.events,available,15.99,45.99,medium,low,6,namesilo,,,22/09/2026 06:05
0d4d0d53-e01f-4d09-86bd-ac96c88d079b,palliative.events,available,10.48,57.98,high,low,10,namecheap,,,
4122d775-1b91-4b6d-9884-a4c02466647e,pearly.events,available,10.48,57.98,high,low,6,namecheap,,,08/09/2026 11:21
5b08a771-3c3f-4bdc-a9a7-7352f832acb9,strenuous.events,available,10.48,57.98,medium,low,9,namecheap,,,10/09/2026 21:45
01567b52-a341-4c36-88b5-055fac06e6df,disposal.events,available,15.99,45.99,high,low,8,namesilo,,,17/09/2026 08:43
79dafe3f-2551-4af8-a9e2-7e9ca36efea8,michie.events,available,15,,medium,low,6,unstoppable,,,03/10/2026 05:59
6bec0c64-050d-402b-9d45-5df7821ca91f,uniat.events,available,10.48,57.98,medium,low,5,namecheap,,,12/09/2026 12:44
2be5dfa6-93cc-42c6-b97c-eaf162a8bf81,pete.events,available,35.2,35.2,high,low,4,cloudflare,,,01/10/2026 19:58
33df8edf-ea55-4f40-bb0c-96f9a58909e9,alerted.events,available,10.48,57.98,high,low,7,namecheap,,,30/09/2026 04:16
58a0b6ef-0e49-4d72-b46e-27ceec40ac21,bigger.events,resell,,,high,low,6,"GoDaddy.com, LLC",12/07/2017 04:57,12/07/2028 04:57,29/09/2026 20:37
233ef9c4-ba30-43ef-a19f-0f5c2fb61dd8,squander.events,available,10.48,57.98,medium,low,8,namecheap,,,13/09/2026 08:34
10907548-6ae1-4ae8-8e99-15378d20d454,fee.events,premium,102.67,102.67,high,low,3,spaceship,,,29/09/2026 05:24
075ada6c-1e99-41b7-b57a-813a537ec157,heighten.events,available,10.48,57.98,high,low,8,namecheap,,,12/08/2026 19:31
ef86f1d6-20f0-4146-b134-32375da657d6,executions.events,available,15.99,45.99,medium,low,10,namesilo,,,30/09/2026 07:47
ad43f8d1-864c-44b4-8adb-2aa1e5e70bf0,gresham.events,available,15,,medium,low,7,unstoppable,,,29/09/2026 01:08
08a5bdda-6371-4b3d-b722-99ebd53a51f9,economically.events,available,35.2,35.2,medium,low,12,cloudflare,,,01/10/2026 20:26
427c924d-5a3b-4bf8-9197-550dbd43d5ca,sucker.events,available,15.99,45.99,high,low,6,namesilo,,,18/09/2026 08:56
8a080848-3b46-4880-bcd6-fac41aef52ee,blade.events,available,10.48,57.98,high,low,5,namecheap,,,24/09/2026 03:32
efbdaa9a-bb74-43eb-a19a-f33e9a95ed52,dour.events,available,10.48,57.98,medium,low,4,namecheap,,,14/08/2026 14:56
cbce7a9e-b221-4c8e-beca-e99f9fb506ec,shipped.events,available,10.48,57.98,medium,low,7,namecheap,,,28/09/2026 13:02
3d9c7afd-c785-482e-9d52-5111bc59a86a,yield.events,available,15.99,45.99,high,low,5,namesilo,,,30/09/2026 07:29
e930fd52-e275-4bc5-b053-9a047dada4f2,thorax.events,available,9.52,36.43,high,low,6,spaceship,,,02/10/2026 23:59
4eacad05-bfeb-47de-8986-983fe91eb0e3,exe.events,premium,66.5,,high,low,3,unstoppable,,,01/10/2026 06:45
c7304113-6598-4ea3-a495-063bd8399154,sylvia.events,available,9.78,36.56,high,low,6,porkbun,,,27/09/2026 19:08
910239d3-f596-48a2-891b-fe3d3efa8259,blacksburg.events,available,15.99,45.99,medium,low,10,namesilo,,,24/09/2026 02:57
00b62d63-c50e-4813-9320-1760eaa1264f,outmost.events,available,10.48,57.98,medium,low,7,namecheap,,,04/09/2026 19:19
c5ac4266-a30d-4a5e-802e-f8ee6e8fbccb,gavin.events,available,15.99,45.99,high,low,5,namesilo,,,26/09/2026 03:29
e2b177ce-8e42-4e98-9243-e0d3b312b56b,sprouted.events,available,10.48,57.98,medium,low,8,namecheap,,,10/09/2026 16:55
ac70325b-7996-41a0-8e30-c13355e05d07,texture.events,available,35.2,35.2,high,low,7,cloudflare,,,28/09/2026 20:37
f3c9e35c-0322-407e-8087-a3ce5b89e442,resect.events,available,10.48,57.98,medium,low,6,namecheap,,,17/08/2026 15:12
a24b78d8-dd23-49e3-b2d9-d815ca5d03d8,starred.events,available,10.48,57.98,medium,low,7,namecheap,,,07/08/2026 08:52
8d937ecd-0959-4dff-9d82-8cda8e592025,kraft.events,available,9.52,36.43,high,low,5,spaceship,,,01/10/2026 02:49
8a983c67-40c4-47c6-a8fc-3871cc762e60,decorating.events,premium,38.94,38.94,high,low,10,namesilo,,,30/09/2026 04:09
c31cfb7c-bdb8-45ee-a861-ccb0ed4ec9b7,assures.events,available,9.85,37.67,medium,low,7,dynadot,,,02/10/2026 13:39
57da0044-acea-40a5-9f4b-4383085198e1,chanted.events,available,10.48,57.98,medium,low,7,namecheap,,,12/08/2026 02:00
d2d4f0a7-bbd7-40c9-8913-ded53ebbfedd,thunderstorm.events,available,15.99,45.99,high,low,12,namesilo,,,01/10/2026 22:23
9ab37615-7f0d-4d91-9ef0-97ccb8e70023,jars.events,available,9.78,36.56,medium,low,4,porkbun,,,30/09/2026 07:13
29bffde8-96db-43bd-b4c1-5d0be4e135ab,heartsick.events,available,10.48,57.98,medium,low,9,namecheap,,,11/08/2026 05:30
bb540d63-865f-4799-b56a-bd1baf830bd2,republicans.events,available,15.99,45.99,medium,low,11,namesilo,,,30/09/2026 06:30
1e597c33-60a1-403b-9065-6f4269425894,stephenson.events,available,15.99,45.99,medium,low,10,namesilo,,,25/09/2026 06:30
b64d7502-c7f2-448e-ad99-114ebd2b5831,contemplate.events,available,35.2,35.2,high,low,11,cloudflare,,,30/09/2026 11:45
15a3918b-a258-4e3a-abd2-a9e728ed52f0,curtains.events,available,15,,medium,low,8,unstoppable,,,28/09/2026 23:24
eeeaaf1f-607f-49ab-a8fb-f860f8a922c2,frieda.events,available,9.52,36.43,high,low,6,spaceship,,,01/10/2026 08:48
7df0a040-3b63-4f53-ad00-b234fd3f4914,extendable.events,available,10.48,57.98,medium,low,10,namecheap,,,17/08/2026 18:59
7907d07f-36ac-44a9-b652-0220434c4228,standing.events,available,15.99,45.99,high,low,8,namesilo,,,28/09/2026 00:41
63efdc67-d8ee-4db2-b635-ea7f6642776c,barely.events,available,9.78,36.56,medium,low,6,porkbun,,,27/09/2026 18:14
199baa3d-a3f8-4a18-a535-404b0c4b3278,juana.events,available,9.52,36.43,medium,low,5,spaceship,,,29/09/2026 09:44
495efa3f-f998-41c6-8fc2-cfa58f54bb28,mankind.events,available,14.99,99.99,high,low,7,godaddy,,,28/09/2026 02:08
976340bf-917e-494c-9752-da1210f98abc,picturesque.events,available,35.2,35.2,high,low,11,cloudflare,,,01/10/2026 04:56
a2b5a34e-3372-41a2-a245-91206abb13a2,whiplash.events,available,15.99,45.99,high,low,8,namesilo,,,02/10/2026 17:09
24dfe44b-aa9d-44b7-ae21-a01b8f6c31d6,subport.events,available,15,,medium,low,7,unstoppable,,,28/09/2026 16:14
7fc032bf-03f6-425b-91df-d9d9c2a65eed,kennan.events,available,15.99,45.99,medium,low,6,namesilo,,,03/10/2026 00:57
e7693ee0-2b95-4ae2-8e7f-c35ec4e1f2e3,barnburner.events,available,15.99,45.99,high,low,10,namesilo,,,22/09/2026 06:49
6b18f373-8953-4b0a-b49f-391b1d73697d,syriac.events,available,15.99,45.99,high,low,6,namesilo,,,28/09/2026 03:24
93a6d1ec-d072-41bc-add9-c1c2a26be36a,ternate.events,available,10.48,57.98,medium,low,7,namecheap,,,11/09/2026 11:53
5f0115fa-ed8f-485a-8592-3e8716c0a6fa,lowbrow.events,available,10.48,57.98,medium,low,7,namecheap,,,
617c2da8-d140-4bba-bc28-6cbd074a951f,terry.events,premium,66.5,,high,low,5,unstoppable,,,29/09/2026 18:32
755106d7-ae2a-4abe-b744-25462a522cad,maintains.events,available,9.52,36.43,medium,low,9,spaceship,,,30/09/2026 07:23
c3c5e6a3-c96e-42f3-ad8a-5077a54df365,gesture.events,available,9.78,36.56,high,low,7,porkbun,,,27/09/2026 13:44
a94004d6-cfc5-40c9-ab9d-6268d9336246,ballooning.events,available,15.99,45.99,high,low,10,namesilo,,,21/09/2026 23:14
f6e795a7-7a21-4025-93c5-8985b44810c2,reflexes.events,available,15.99,45.99,medium,low,8,namesilo,,,19/09/2026 23:46
75b5b25d-af0b-43c2-8d2c-fd56b1b4d192,vigo.events,available,9.52,36.43,medium,low,4,spaceship,,,29/09/2026 15:42
68a8ff2c-9fc8-41fa-81f5-3f3ce6697403,cytologic.events,available,17.99,56.99,medium,low,9,name.com,,,13/08/2026 14:39
02ec0758-5d23-4291-9174-fbe3442899e5,auriferous.events,available,15.99,45.99,medium,low,10,namesilo,,,22/09/2026 13:02
393e060d-f21d-47d4-8478-4d0128276317,inexpensive.events,available,15.99,45.99,high,low,11,namesilo,,,01/10/2026 01:44
d510dede-27ab-4af2-91bb-c8bcf38cd769,optical.events,available,10.48,57.98,high,low,7,namecheap,,,04/09/2026 00:42
173db054-5d56-4834-9e96-b05cde8058ae,whittier.events,available,9.52,36.43,medium,low,8,spaceship,,,28/09/2026 10:10
963b6834-9dde-4765-8607-6e74836ee2aa,indulgence.events,available,10.48,57.98,high,low,10,namecheap,,,05/09/2026 00:24
ea588c61-74b8-4ed2-9b90-37812fa3d5be,microgravity.events,available,9.52,36.43,medium,low,12,spaceship,,,02/10/2026 21:22
f3e3d004-8f07-4c2b-b46b-68fad89f1196,preference.events,available,15.99,45.99,high,low,10,namesilo,,,29/09/2026 16:57
4efc4bc5-f824-4bfd-bfeb-dacf1cf55317,redeem.events,available,9.52,36.43,high,low,6,spaceship,,,30/09/2026 02:39
2dcbf968-350f-4b48-8f8b-9ecb5cc36491,faker.events,available,10.48,57.98,medium,low,5,namecheap,,,09/09/2026 05:01
0b2b2e4a-9a5c-45ba-9af3-c57bc51ded5c,inaudible.events,available,10.48,57.98,medium,low,9,namecheap,,,22/08/2026 00:33
e5e1379e-fcd0-45e6-89e2-f4d5df60b847,blattodea.events,available,10.48,57.98,medium,low,9,namecheap,,,24/09/2026 04:54
8c2c3c7b-6bd9-4770-a094-d3004257e7c1,none.events,available,15.99,45.99,high,low,4,namesilo,,,25/09/2026 23:02
d3b4130e-85ce-41b6-ab9b-d8704f576407,lent.events,available,15.99,45.99,high,low,4,namesilo,,,28/09/2026 14:42
297d4741-44da-41b0-923c-f04a9d444e56,contract.events,available,10.48,57.98,high,low,8,namecheap,,,03/09/2026 13:23
7db25908-d37a-4222-b26d-da266a3740fd,sweetly.events,available,10.48,57.98,high,low,7,namecheap,,,11/09/2026 05:33
9c9e9ac2-d7c6-4027-87e8-7c7b417ee644,prowlers.events,available,15.99,45.99,low,low,8,namesilo,,,20/09/2026 12:42
d390fec5-f354-4237-82d9-7261acad0df1,aleksandr.events,available,15.99,45.99,medium,low,9,namesilo,,,28/09/2026 08:00
e2c008e0-2a1c-45c6-9cc0-d005c552f8e1,constantly.events,available,35.2,35.2,medium,low,10,cloudflare,,,28/09/2026 14:18
75952e82-2939-4a0d-9106-07a1b98a2432,inactive.events,available,10.48,57.98,medium,low,8,namecheap,,,22/08/2026 00:11
fe5673a4-e795-4f0b-bc56-a236d8bfecb5,spinoza.events,available,10.48,57.98,high,low,7,namecheap,,,22/09/2026 09:34
12fcd23b-c50d-4672-a536-c6b64e7d0ce7,neotenous.events,available,10.48,57.98,low,low,9,namecheap,,,03/09/2026 15:33
88253c31-59f1-4a7e-b2ad-48b87cf49118,trumbull.events,available,35.2,35.2,medium,low,8,cloudflare,,,28/09/2026 14:37
6e97d149-36e3-41aa-878a-e649f4909518,holmium.events,available,10.48,57.98,medium,low,7,namecheap,,,20/09/2026 23:31
915edfee-2f06-4b26-b779-04f880c50c74,endeavors.events,available,15.99,45.99,medium,low,9,namesilo,,,02/10/2026 12:56
371707f2-10e8-43fe-abae-75c912ac5e51,elongate.events,available,10.48,57.98,high,low,8,namecheap,,,16/08/2026 05:24
1d7970c4-da41-4ed7-a67f-a321ed71d648,july.events,premium,200.5,242,high,low,4,unstoppable,,,30/09/2026 01:04
637dc09a-8f43-461a-b472-5b6312e11793,ketonemia.events,available,10.48,57.98,medium,low,9,namecheap,,,17/09/2026 00:10
e564f99a-1b05-4f98-847a-acef86c4d40e,viacom.events,available,15.99,45.99,high,low,6,namesilo,,,30/09/2026 13:49
c780efe4-e355-4430-a3c6-b6f8eafdd996,unbelievably.events,available,15.99,45.99,medium,low,12,namesilo,,,03/10/2026 03:28
9684fc49-0aad-4626-abd3-456008aac0f5,winfred.events,available,10.48,57.98,medium,low,7,namecheap,,,19/09/2026 19:23
e439716e-ca94-4375-b6aa-254322ef5cee,baryon.events,available,15.99,45.99,medium,low,6,namesilo,,,22/09/2026 09:41
9165c067-c5c1-4df2-8cb2-7ddbc92ff1c9,gorbachev.events,available,15.99,45.99,medium,low,9,namesilo,,,28/09/2026 05:51
499ad3f8-e37e-48ff-8fad-78db9f3c7b09,antitank.events,available,10.48,57.98,medium,low,8,namecheap,,,05/08/2026 19:44
a50fd508-ee9f-4965-ae82-16e1f55c1a03,dicks.events,available,15.99,45.99,medium,low,5,namesilo,,,02/10/2026 13:25
1b65f10c-7579-411d-b07e-d62e501e3cf1,influences.events,available,15.99,45.99,medium,low,10,namesilo,,,30/09/2026 07:02
5861ffe3-7797-47f7-9b96-81eed26bd7fa,jealous.events,available,15.99,45.99,high,low,7,namesilo,,,24/09/2026 01:04
c12d9410-8c4e-4ad2-be94-649db170701c,apc.events,available,15.99,45.99,high,low,3,namesilo,,,19/09/2026 16:23
513ea04e-6d91-4d0f-bfac-b17397b1679c,quake.events,available,35.2,35.2,medium,low,5,cloudflare,,,29/09/2026 18:44
3d3ddfda-2ea9-4c5f-af14-c7b4771544b5,transcription.events,available,10.48,57.98,medium,low,13,namecheap,,,29/09/2026 23:27
6cbc530a-8ae5-44d1-9b53-48608899acfe,leaded.events,available,10.48,57.98,medium,low,6,namecheap,,,22/08/2026 21:42
172e2656-03c9-4599-96bb-c36cf50e5a21,acrylic.events,available,15.99,45.99,high,low,7,namesilo,,,17/09/2026 04:05
859eda66-516e-41e1-b804-fe05ec3d86d3,ratios.events,available,10.48,57.98,medium,low,6,namecheap,,,20/09/2026 23:23
7b3dac73-001e-4e2a-81a6-3596fff681de,shack.events,available,15.99,45.99,high,low,5,namesilo,,,24/09/2026 23:26
b3090ab3-98db-44ac-b5b7-e16bf30d4e2c,absorbing.events,available,15.99,45.99,high,low,9,namesilo,,,21/09/2026 15:02
1a7e0f21-8c32-44fe-900e-4f577059790b,exchanged.events,available,10.48,57.98,high,low,9,namecheap,,,17/08/2026 16:20
0b576226-3db0-41f7-8f37-ad60d7e23610,ruptured.events,available,35.2,35.2,medium,low,8,cloudflare,,,29/09/2026 16:06
c8483575-411a-4ada-aec9-7265c143dfd2,folding.events,available,10.48,57.98,high,low,7,namecheap,,,24/09/2026 20:52
681d0fc7-048d-411c-8321-53b7ff93d2d0,lovers.events,available,15.99,45.99,high,low,6,namesilo,,,27/09/2026 02:55
f9458e01-8e75-4879-9642-3ffb7b1f4825,dill.events,available,10.48,57.98,high,low,4,namecheap,,,19/09/2026 05:36
03c5526b-adf3-4503-bf07-96de9f6fda56,foolish.events,available,15.99,45.99,high,low,7,namesilo,,,24/09/2026 11:44
c81d7069-195a-463e-8cab-ce0ff8852ca1,tribune.events,available,15.99,45.99,medium,low,7,namesilo,,,29/09/2026 14:05
07723db3-b9b6-4ba0-b23c-c2fab7fe948b,paranoid.events,available,10.48,57.98,high,low,8,namecheap,,,08/09/2026 01:06
d66b8a38-669c-4776-b3d2-02c1f0062a3e,punjab.events,available,10.48,57.98,high,low,6,namecheap,,,27/09/2026 05:06
d919db83-bdf0-4990-82bd-e0df1f861396,groupe.events,available,15.99,45.99,high,low,6,namesilo,,,30/09/2026 12:13
4eb36f67-66c1-46f7-ad49-4b0f4c1c3de0,jilted.events,available,10.48,57.98,medium,low,6,namecheap,,,22/08/2026 13:23
14e6f0e0-6dab-413e-b576-399b10b659d5,magicians.events,resell,,,medium,low,9,"Sav.com, LLC - 1",04/09/2026 15:16,04/09/2027 15:16,26/09/2026 07:22
4619e022-be6f-4dbb-8640-2d1afc064d04,aspiration.events,available,15.99,45.99,high,low,10,namesilo,,,18/09/2026 16:53
625df547-4214-4dc0-870b-d7b3215034a7,irs.events,available,15.99,45.99,high,low,3,namesilo,,,03/10/2026 01:19
f7550025-f43f-469e-b123-1375335b951c,funniest.events,available,9.52,36.43,medium,low,8,spaceship,,,02/10/2026 22:43
2a702363-85ec-4d28-b821-b4ff5cc67edf,armorial.events,available,10.48,57.98,medium,low,8,namecheap,,,06/08/2026 20:15
bc39e46f-8342-49e4-b7f3-7f7679f34686,flipped.events,available,15.99,45.99,medium,low,7,namesilo,,,18/09/2026 12:06
22ceb7a3-f50c-47bd-a2c3-18b3e19755a3,assessment.events,available,10.48,57.98,high,low,10,namecheap,,,01/10/2026 16:34
03c03051-63d9-4d9f-b643-fa4bc19ea8e9,spartacus.events,available,35.2,35.2,high,low,9,cloudflare,,,02/10/2026 13:55
05d22d7c-655f-4d42-afbf-e4a1f3fc1174,mikhail.events,available,15.99,45.99,medium,low,7,namesilo,,,26/09/2026 03:33
51153ec6-8bd0-4cf3-8c80-f3d2888e6034,haptic.events,available,10.48,57.98,medium,low,6,namecheap,,,21/08/2026 00:01
5b05ef36-8804-43a5-9699-906c9a76cee3,camisole.events,available,15.99,45.99,high,low,8,namesilo,,,24/09/2026 11:52
073924e7-b966-48bc-9356-106adb23e7db,baneberry.events,available,15.99,45.99,medium,low,9,namesilo,,,22/09/2026 01:43
3461f9cc-2471-451e-a888-4bfe540ecb9e,crosswise.events,available,10.48,57.98,medium,low,9,namecheap,,,13/08/2026 08:23
4120cbcc-0aae-4112-9cf1-24ac74959b9e,wilted.events,available,10.48,57.98,medium,low,6,namecheap,,,23/08/2026 13:24
e3a7e8b0-3dbf-4613-8ecc-a4badf1c2d7b,installed.events,available,9.52,36.43,medium,low,9,spaceship,,,28/09/2026 12:57
ff5afbca-64e6-4ebe-9a3d-92473164ad3c,apery.events,available,15.99,45.99,medium,low,5,namesilo,,,19/09/2026 16:43
d19b76c7-2073-453a-9d7f-54d63bfc868d,valuable.events,available,15.99,45.99,high,low,8,namesilo,,,28/09/2026 10:06
f856c941-a350-4acf-930b-c808d71185d3,comply.events,available,9.52,36.43,high,low,6,spaceship,,,29/09/2026 08:21
e7a8553e-8b56-4eec-905e-5e82288e3915,television.events,premium,68.51,68.51,high,low,10,spaceship,,,01/10/2026 08:09
dba2901e-5c03-4df5-b94e-610428187cc6,civilians.events,available,9.85,37.67,medium,low,9,dynadot,,,28/09/2026 05:06
b4709c68-b279-4063-9b2e-e9ff17763092,biographical.events,available,15.99,45.99,high,low,12,namesilo,,,01/10/2026 05:35
625248a1-678c-4db4-a3a2-f1f7b6229094,monarchy.events,available,35.2,35.2,high,low,8,cloudflare,,,29/09/2026 13:28
edd628c8-d213-4be2-8228-85dd7cb4513f,bollock.events,available,15.99,45.99,medium,low,7,namesilo,,,21/09/2026 23:08
bf997686-ddc8-46a2-bd79-883d0c0841b3,peckham.events,premium,68.51,68.51,medium,low,7,spaceship,,,30/09/2026 00:26
df3e9f53-ffde-440b-84ae-aecbd63b8228,sleepless.events,available,10.48,57.98,medium,low,9,namecheap,,,22/08/2026 07:24
6e8a52ea-c298-48e1-b93a-0b54186442bd,gettable.events,available,10.48,57.98,medium,low,8,namecheap,,,18/08/2026 23:02
d79705ba-b184-4ac0-8e40-95b07aa6e97b,gums.events,available,9.52,36.43,medium,low,4,spaceship,,,02/10/2026 02:18
88cbbdc7-f8f1-4a2f-8321-164a294a53b0,averment.events,available,15.99,45.99,medium,low,8,namesilo,,,20/09/2026 16:16
6251ee4f-5b25-4276-b163-8bcfaa1aacb1,phial.events,available,15.99,45.99,medium,low,5,namesilo,,,18/09/2026 23:47
86703ca8-400d-4e82-b167-9fbd4722a4e8,limerick.events,available,15.99,45.99,high,low,8,namesilo,,,03/10/2026 01:29
f64cc401-d02c-4625-a9b9-2ef660448545,acrilan.events,available,15.99,45.99,medium,low,7,namesilo,,,17/09/2026 03:06
8e8fa3fd-70c1-417d-9e1f-89e1230b353a,keyboards.events,available,15.99,45.99,medium,low,9,namesilo,,,20/09/2026 13:46
62e7d8af-1b25-4a90-8c38-3e240b2aed61,ahorse.events,available,10.48,57.98,medium,low,6,namecheap,,,
d6421ed7-998b-49d3-ae16-e5102808be0b,win.events,premium,42.9,42.9,high,medium,3,namecheap,,,25/09/2026 11:02
39c00bac-0e3b-4acd-aee3-63b571bd78a1,einstein.events,available,9.52,36.43,high,low,8,spaceship,,,28/09/2026 20:04
dfef2393-eadd-40e8-9f3e-b9a632408299,misgiving.events,available,10.48,57.98,medium,low,9,namecheap,,,24/09/2026 23:11
34493b09-ea83-48d1-9841-2e80fef1e0e1,genitive.events,available,10.48,57.98,medium,low,8,namecheap,,,18/08/2026 21:46
560b4e16-dc38-4964-8631-41231ebddec0,postpartum.events,available,10.48,57.98,high,low,10,namecheap,,,09/09/2026 00:37
f17faa1f-0977-471a-abc0-66116b56b6b4,liberate.events,available,10.48,57.98,high,low,8,namecheap,,,18/08/2026 14:32
44e75b50-c56a-4a58-bdf6-a880e22097f4,temperature.events,available,35.2,35.2,high,low,11,cloudflare,,,02/10/2026 15:27
f1caed15-71f8-419c-a552-0b7819487b01,deceiving.events,available,9.52,36.43,medium,low,9,spaceship,,,02/10/2026 01:33
6712a179-eb90-49d0-a169-0dee4a9567bd,selangor.events,available,15,,medium,low,8,unstoppable,,,30/09/2026 20:45
1bf36c1a-8025-46fe-9755-6caed9d23768,sanely.events,available,10.48,57.98,medium,low,6,namecheap,,,16/09/2026 00:33
2bb05f14-1b15-46f3-9fac-acb2ad90eb5f,condiment.events,available,35.2,35.2,high,low,9,cloudflare,,,29/09/2026 10:37
3b8cc333-3205-42a3-a9f0-192eea8a9a1d,mohammedan.events,available,10.48,57.98,medium,low,10,namecheap,,,25/08/2026 03:23
241840ca-84ae-4c29-b0cd-2a227624092a,derry.events,premium,,,high,low,5,,,,02/10/2026 22:10
a9a41b86-79b8-4096-8e6d-b2019c28e454,stitch.events,available,15.99,45.99,high,low,6,namesilo,,,28/09/2026 06:46
1b277d47-959b-4b1a-9030-57d002993ca0,himmler.events,available,9.52,36.43,medium,low,7,spaceship,,,29/09/2026 13:01
16e1ff0f-4b20-4ca8-a4e5-f4b42a30830a,phoebus.events,available,10.48,57.98,high,low,7,namecheap,,,19/09/2026 18:43
1079ebec-4d62-4fd3-8055-ccf1d29d58e0,kicked.events,available,10.48,57.98,medium,low,6,namecheap,,,25/09/2026 19:40
7fd4aabe-37db-497f-b209-ea78c570551d,corners.events,available,15.99,45.99,low,low,7,namesilo,,,28/09/2026 08:44
a84554d2-006b-4819-aa82-7a59220f71c9,offer.events,premium,242,242,high,low,5,namesilo,,,23/09/2026 13:36
d9b732a5-dac4-43d0-bc71-fd1f44b3aaa9,voc.events,available,9.52,36.43,high,low,3,spaceship,,,02/10/2026 18:20
87a7c19e-2e31-4c50-9a77-8a984a94eb28,mounting.events,available,9.52,36.43,medium,low,8,spaceship,,,29/09/2026 00:26
5c1a9aa1-b1a1-4160-9471-b17c4edb26a7,citv.events,available,15,,medium,low,4,unstoppable,,,03/10/2026 05:42
f320bc36-4b29-4d4f-a2ef-0db05a0f76ba,choctaw.events,available,35.2,35.2,high,low,7,cloudflare,,,02/10/2026 23:54
815e2106-0221-406b-b482-f7681c59d97c,genealogic.events,available,10.48,57.98,medium,low,10,namecheap,,,18/08/2026 21:22
bcf7cd37-fd62-4cfc-babc-40f1d2e1c588,zaragoza.events,available,15.99,45.99,medium,low,8,namesilo,,,29/09/2026 08:01
ed404cf1-2c4d-4e17-bc29-73265b2b37f1,frisch.events,available,15,,high,low,6,unstoppable,,,01/10/2026 19:40
22f074df-ffac-45f3-bf91-ef4a206a11be,fling.events,available,35.2,35.2,high,low,5,cloudflare,,,29/09/2026 15:22
3ec13b9e-24f4-4f23-9ed3-7bd1cc53e305,adjusted.events,available,15.99,45.99,high,low,8,namesilo,,,21/09/2026 18:42
6dc77c93-5a98-4247-8a20-3929544477c0,biogeny.events,available,10.48,57.98,medium,low,7,namecheap,,,23/09/2026 18:05
a6002a09-af4e-4724-9c32-de5f45b8461b,insurable.events,available,10.48,57.98,high,low,9,namecheap,,,22/08/2026 07:40
c83d7de4-39c4-4f95-b99a-0556c57f186f,gutter.events,available,9.85,37.67,high,low,6,dynadot,,,29/09/2026 12:59
a03e48cf-6d42-4435-9d7b-db98b73d3713,pastures.events,available,15,,medium,low,8,unstoppable,,,30/09/2026 07:16
95e77ab0-f3cf-4a9c-9632-461de9805511,bairn.events,available,10.48,57.98,medium,low,5,namecheap,,,21/09/2026 19:31
b8962e61-3301-446e-a9a6-35cfc61fd7a5,babylonian.events,available,10.48,57.98,medium,low,10,namecheap,,,08/08/2026 03:58
01e63504-5907-4c1a-aa00-1c440e2c4127,buckram.events,available,10.48,57.98,medium,low,7,namecheap,,,11/08/2026 07:31
d63b1455-8109-4c02-8347-38b52190dc9b,mart.events,available,15,,high,low,4,unstoppable,,,03/10/2026 01:33
8874bd53-ce91-476b-8450-727e59bbd317,moveable.events,available,10.48,57.98,high,low,8,namecheap,,,25/08/2026 09:05
0915d3a7-e87e-4a43-854b-e5cb757a3a37,sensed.events,available,10.48,57.98,high,low,6,namecheap,,,08/09/2026 16:07
5d2e2cc0-5aa7-4802-938e-9d5db543c0f8,toothy.events,available,10.48,57.98,medium,low,6,namecheap,,,11/09/2026 17:20
2195e4e6-9465-4cac-a7f2-84dab9fda0a5,patiently.events,available,10.48,57.98,medium,low,9,namecheap,,,15/09/2026 19:20
6f261561-b677-424e-9b7b-797dec802dc5,icing.events,available,35.2,35.2,high,low,5,cloudflare,,,01/10/2026 02:14
a156a5a5-48b1-4840-aa63-1b936cbcfd24,tentacular.events,available,10.48,57.98,medium,low,10,namecheap,,,11/09/2026 11:35
87990120-dfcf-4fe5-a0b1-8dd7a9a5d691,beekeeper.events,available,15.99,45.99,high,low,9,namesilo,,,19/09/2026 17:19
e9cad7b3-272c-40e3-bc18-da51ed53fcd8,spinner.events,available,15.99,45.99,high,low,7,namesilo,,,01/10/2026 03:50
3ca0dbea-68cf-4efc-8718-9e70f650bb07,usgs.events,available,9.52,36.43,medium,low,4,spaceship,,,28/09/2026 03:54
f8ce5218-e18a-4e2e-a7e4-41b723329b49,rehabs.events,available,15.99,45.99,medium,low,6,namesilo,,,20/09/2026 09:43
41dfc73e-614d-4cda-a7f7-1146a1ec13d9,delivering.events,available,9.52,36.43,high,low,10,spaceship,,,28/09/2026 11:30
f64097d2-47b2-4a8b-994b-69d3b991345c,stowe.events,available,9.52,36.43,high,low,5,spaceship,,,28/09/2026 14:23
555e6d14-13c7-406a-9296-c5aa0e878c4a,archly.events,available,10.48,57.98,medium,low,6,namecheap,,,13/09/2026 20:39
647b9e11-d423-4f11-8183-55a86e667524,baker.events,premium,85.8,85.8,high,low,5,namecheap,,,21/09/2026 20:17
28f42de7-60c1-471d-97dd-6e14a9452021,moreno.events,available,15.99,45.99,medium,low,6,namesilo,,,27/09/2026 10:16
341912bb-f526-46fa-92d2-8f3548c7ac85,warrant.events,available,10.48,57.98,high,low,7,namecheap,,,08/09/2026 08:40
320c98bb-5c83-44e8-91c3-27ccb90dfde1,amylase.events,available,15.99,45.99,medium,low,7,namesilo,,,19/09/2026 00:30
de98b4bf-a71b-4fa8-a74f-7b2670bc0758,inserted.events,available,15.99,45.99,medium,low,8,namesilo,,,29/09/2026 10:49
62a43e27-4495-436b-ac73-bcf3311c314b,seperation.events,available,15.99,45.99,low,low,10,namesilo,,,18/09/2026 17:16
7cf6f4e4-f8bc-496c-908e-8d4f4431910e,marvell.events,available,10.48,57.98,high,low,7,namecheap,,,19/09/2026 04:47
205548ae-e5ab-44d7-ac87-87b570dcb0a5,jutting.events,available,10.48,57.98,medium,low,7,namecheap,,,22/08/2026 14:44
fe1d2a18-00ad-4223-97e8-3aa4efc863b5,strut.events,available,10.48,57.98,high,low,5,namecheap,,,11/09/2026 05:11
74abbc57-ba8b-4913-b22b-57146149242f,ebooks.events,available,15.99,45.99,medium,low,6,namesilo,,,18/09/2026 08:29
c44cd846-0bf3-4970-90a1-f8540a3fd995,roasting.events,available,15,,high,low,8,unstoppable,,,01/10/2026 21:33
1817b759-1269-4165-b9b0-9591661be746,akko.events,available,15.99,45.99,medium,low,4,namesilo,,,16/09/2026 22:23
3b1973bc-9ef5-4a62-9845-f27727961fd9,proposed.events,available,9.78,36.56,medium,low,8,porkbun,,,28/09/2026 04:49
5abe9d06-7c52-4e32-9475-837c461c3a2c,craved.events,available,10.48,57.98,high,low,6,namecheap,,,13/08/2026 05:25
7717df60-f61c-4b1a-a7fe-aa3ebea1cbf6,patrols.events,available,15,,medium,low,7,unstoppable,,,29/09/2026 11:26
2d4f9055-95a9-4e6b-851a-3bf8bd2574d6,lindbergh.events,available,9.52,36.43,medium,low,9,spaceship,,,29/09/2026 06:20
2213489f-6834-437b-a06d-7d7a273372b1,behaviours.events,available,15.99,45.99,medium,low,10,namesilo,,,20/09/2026 22:06
f6ee9744-99d0-4768-997f-cfc2b3d7ff4b,bathroom.events,available,15.99,45.99,high,low,8,namesilo,,,27/09/2026 06:27
1bb0039a-99b6-42c6-9863-22ff9a302891,embedded.events,available,10.48,57.98,high,low,8,namecheap,,,16/08/2026 08:42
4c84ed8c-7321-4c60-87e5-6484aa1217d2,stratigraphy.events,available,9.52,36.43,medium,low,12,spaceship,,,28/09/2026 22:57
9b02cc61-1ba5-425f-92c4-115adf584155,shrieking.events,available,10.48,57.98,medium,low,9,namecheap,,,09/09/2026 23:55
c61fa9a5-c502-4a16-9e94-e333b2dd4df0,kenan.events,available,9.85,37.67,medium,low,5,dynadot,,,03/10/2026 03:59
96ef9aea-2dc3-4d9c-a7ac-e72db79f62f1,piraeus.events,available,35.2,35.2,medium,low,7,cloudflare,,,30/09/2026 20:50
5b0d4530-fbaf-40c3-b769-12af660a64a5,dunstan.events,available,15.99,45.99,medium,low,7,namesilo,,,02/10/2026 00:24
7e6480b3-f61f-4d69-9167-023afb4f3c8c,ominous.events,available,10.48,57.98,medium,low,7,namecheap,,,24/08/2026 20:00
3996fc8e-714f-4e9d-a28b-6b69e23963cb,tapered.events,available,10.48,57.98,medium,low,7,namecheap,,,03/09/2026 13:29
523d17cc-0fee-4340-9906-15e1c507774f,slimed.events,available,10.48,57.98,low,low,6,namecheap,,,10/09/2026 10:57
28e158f5-09a5-4460-a843-040542a4b83c,airfare.events,available,15.99,45.99,high,low,7,namesilo,,,17/09/2026 23:10
8f347ea8-e0c0-4a49-ac8a-3e9a6bb91d47,flukey.events,available,10.48,57.98,medium,low,6,namecheap,,,18/08/2026 09:20
895cab20-99d1-4f3e-85af-e609d4b31b14,unasked.events,available,10.48,57.98,medium,low,7,namecheap,,,12/09/2026 01:10
98dad691-271c-472d-85bf-cc07a2c28aca,advection.events,available,15.99,45.99,medium,low,9,namesilo,,,17/09/2026 10:31
7157b378-ab72-413e-91a0-601003c0f73f,medially.events,available,10.48,57.98,medium,low,8,namecheap,,,15/09/2026 13:54
eb5cd964-0f30-4e12-b865-b69b59164bef,fogged.events,available,10.48,57.98,medium,low,6,namecheap,,,18/08/2026 09:51
d7855064-6f7e-4c43-8ef4-de375c86883b,bukhara.events,available,15.99,45.99,medium,low,7,namesilo,,,03/10/2026 04:37
721176d0-2c39-4445-9676-7e7ca8011fff,restaurants.events,premium,128.7,128.7,medium,low,11,namecheap,,,29/09/2026 00:02
2f0c7056-042c-4492-b073-be78dff0cc3e,kilobyte.events,available,14.99,99.99,high,low,8,godaddy,,,30/09/2026 01:18
4776809b-a109-41fd-bb00-55a4a2d50cdc,aldebaran.events,available,17.99,56.99,medium,low,9,name.com,,,18/09/2026 04:20
9b5d3061-7980-467b-b2b5-023ffc5d68f7,trance.events,resell,,,high,low,6,,,,28/09/2026 13:44
58e64877-4976-4aae-b5ec-cafd7d745234,supervised.events,available,10.48,57.98,high,low,10,namecheap,,,11/09/2026 02:26
3ba82e0c-7758-48e8-9e20-dfafcacf5952,wikileaks.events,available,21.99,,medium,low,9,name.com,,,
c4e3ae1a-2221-4ac7-9e8b-5d452aceed4d,lucrative.events,available,15.99,45.99,high,low,9,namesilo,,,25/09/2026 15:34
6a011d92-052f-49c3-9269-f3282b57f813,cheesecake.events,available,15.99,45.99,high,low,10,namesilo,,,24/09/2026 14:12
f7da311a-c125-426c-b4fd-efa3c0642af7,englewood.events,available,15.99,45.99,medium,low,9,namesilo,,,28/09/2026 16:54
e3b654df-3a84-4526-838d-ba0e718ad358,executor.events,available,15,,high,low,8,unstoppable,,,01/10/2026 01:58
5096c911-7947-47ca-bed2-d2b319650691,roland.events,available,9.52,36.43,high,low,6,spaceship,,,28/09/2026 07:46
e0688d89-290a-4820-9b49-df080c6d4cc4,vehicular.events,available,10.48,57.98,medium,low,9,namecheap,,,13/09/2026 01:48
5c091409-5493-4a05-9776-856294267a57,physic.events,available,9.85,37.67,high,low,6,dynadot,,,02/10/2026 10:47
5eab422e-f9db-4352-9e34-a53ff020d47f,ears.events,available,10.48,57.98,medium,low,4,namecheap,,,25/09/2026 16:57
05fe8a4a-797d-458f-92fd-bcebc8dbbdca,arenga.events,available,15.99,45.99,medium,low,6,namesilo,,,20/09/2026 03:43
c5b87764-a1b9-47e2-b381-be06c79310a0,deflation.events,available,9.85,37.67,medium,low,9,dynadot,,,29/09/2026 13:36
1468f87b-701b-4b4e-b7e3-7ffcd157e8f6,glazed.events,available,10.48,57.98,high,low,6,namecheap,,,20/08/2026 14:05
c396d0c8-4eac-4bd2-8c27-116a4aaf18a0,sightseeing.events,available,9.52,36.43,high,low,11,spaceship,,,30/09/2026 14:59
d14cd6a8-c2b7-4abc-9321-f0dbcc365f8d,begotten.events,available,10.48,57.98,medium,low,8,namecheap,,,09/08/2026 09:11
19e89293-5f8f-4e62-b980-02f3305acda4,fuels.events,premium,,,medium,low,5,,,,01/10/2026 16:17
d8daf373-e5b9-4b31-8bde-989afa61433a,fugal.events,available,10.48,57.98,medium,low,5,namecheap,,,18/08/2026 17:38
7e3df48d-ef70-420e-8f09-c66874a74a0a,fascinated.events,available,15.99,45.99,high,low,10,namesilo,,,24/09/2026 17:12
74c704bf-1c24-415f-8054-4a69a0bbceac,parties.events,premium,78.54,78.54,high,low,7,namesilo,,,17/09/2026 10:18
ed1b74f3-4e0e-4cfe-909f-4db015ab1b98,licenced.events,available,15.99,45.99,medium,low,8,namesilo,,,21/09/2026 15:56
a5984567-cd79-4728-88cb-43efe3e112f2,catclaw.events,available,10.48,57.98,medium,low,7,namecheap,,,23/09/2026 23:59
ea5619e0-289a-4e54-adb9-e2fa760970c2,fleetly.events,available,10.48,57.98,medium,low,7,namecheap,,,14/09/2026 18:56
3e6d47ba-061c-4e4f-a4d7-0b56a4437884,spillover.events,available,15.99,45.99,medium,low,10,namesilo,,,16/09/2026 17:36
ebc94f77-4666-4f5b-9355-5259f328ec88,karla.events,available,15.99,45.99,medium,low,5,namesilo,,,30/09/2026 13:19
a07b35a6-f959-4218-8bbd-d55902964ed2,assurgent.events,available,10.48,57.98,medium,low,9,namecheap,,,07/08/2026 08:26
394217bd-3ea1-42d1-ba80-a4b2f86605b0,geochemical.events,available,9.52,36.43,medium,low,11,spaceship,,,02/10/2026 21:24
da2b11e8-3546-47f4-a1a9-e1b263162c8e,portion.events,available,10.48,57.98,high,low,7,namecheap,,,15/09/2026 19:05
d9465d64-7555-4ded-a692-92e62e56961c,relocation.events,available,15.99,45.99,high,low,10,namesilo,,,29/09/2026 13:46
8b589fe1-a100-4100-a0cc-6214ba621519,brassy.events,available,10.48,57.98,medium,low,6,namecheap,,,11/08/2026 02:33
3f814c02-ce10-4cfa-bcd0-37e7f77060cf,fathered.events,available,35.2,35.2,medium,low,8,cloudflare,,,02/10/2026 21:59
6b1af2f0-7b77-4ba6-aa2b-4b7ff3978535,nuevo.events,available,9.52,36.43,medium,low,5,spaceship,,,28/09/2026 04:18
e5cf8a6a-7ba7-42be-85a2-0507aa716f7f,solomons.events,available,9.52,36.43,medium,low,8,spaceship,,,30/09/2026 18:46
bcd24c34-e560-45c8-a2b3-24b4a59b99e0,homespun.events,available,10.48,57.98,high,low,8,namecheap,,,13/08/2026 04:23
14b6f06e-2c2e-48a3-b4ce-18461aba1cd3,bahreini.events,available,10.48,57.98,medium,low,8,namecheap,,,08/08/2026 08:41
4fca3a91-b04e-4d79-b2c1-75275139d85c,hallux.events,available,15.99,45.99,medium,low,6,namesilo,,,23/09/2026 14:56
7467ee41-7922-464b-8c7d-f06d5fb17f00,owlish.events,available,10.48,57.98,medium,low,6,namecheap,,,04/09/2026 22:14
d0ee99a0-a05c-497a-b331-c9bd33eeea43,accelerating.events,available,10.48,57.98,high,low,12,namecheap,,,01/10/2026 05:05
97687d06-9736-4546-bf5a-03c4139176b1,goldie.events,available,9.52,36.43,high,low,6,spaceship,,,01/10/2026 06:46
f397fb39-0abd-41b1-82c2-8d70fd506726,unequalled.events,available,10.48,57.98,high,low,10,namecheap,,,12/09/2026 09:11
0d6c2381-a17e-44dc-9de1-5969d6b0c953,nuremberg.events,available,10.48,57.98,medium,low,9,namecheap,,,25/09/2026 23:53
3ce1d854-21a1-443b-b70b-cc6c183616b5,shamanism.events,available,15.99,45.99,medium,low,9,namesilo,,,20/09/2026 14:05
a566ece6-8abb-49a2-ae08-47b51ed7cacc,fish.events,premium,414.2,414.2,high,low,4,spaceship,,,29/09/2026 19:28
2f3a0d38-dbe3-47b4-9d53-b70be8d13e2d,zoology.events,available,35.2,35.2,high,low,7,cloudflare,,,01/10/2026 02:02
f5ca7474-7c39-4343-a3d1-0a666a7500d2,acicular.events,available,10.48,57.98,medium,low,8,namecheap,,,
22abe82f-409f-4a5e-974d-703211898fd2,sunshade.events,available,15.99,45.99,high,low,8,namesilo,,,21/09/2026 10:14
9134b146-714d-4a73-8ef7-9775a6be292b,olden.events,available,10.48,57.98,medium,low,5,namecheap,,,04/09/2026 02:02
98198977-9182-4b4a-b792-aa79a78aaa87,foppish.events,available,17.99,56.99,medium,low,7,name.com,,,13/08/2026 17:05
881a2068-872b-4165-8bea-690624c8c170,hvac.events,available,15.99,45.99,high,low,4,namesilo,,,30/09/2026 23:38
ab254563-5b6f-42e7-9e0a-dca8458115aa,handrail.events,available,15.99,45.99,high,low,8,namesilo,,,22/09/2026 00:31
f556c172-87a0-41da-9208-6c5d2c33a69e,abraham.events,available,15.99,45.99,high,low,7,namesilo,,,16/09/2026 16:50
9a7ccd3d-48f0-4a90-b747-2433f4d8d2aa,kendall.events,available,10.48,57.98,high,low,7,namecheap,,,25/09/2026 05:14
d2d66ae8-f147-425f-ae8d-093542371a1b,aac.events,available,15.99,45.99,high,low,3,namesilo,,,29/09/2026 15:15
cb1ff73d-434f-4c22-b6e9-822200c3e1a4,juristic.events,available,10.48,57.98,medium,low,8,namecheap,,,22/08/2026 14:37
21efe51d-c6ef-4bed-87d9-af50404d55f1,centers.events,available,9.52,36.43,medium,low,7,spaceship,,,29/09/2026 05:16
1ba0e275-2a0c-4e8c-a904-43e3923778b4,guangzhou.events,available,15.99,45.99,medium,low,9,namesilo,,,28/09/2026 13:37
3ec8e0ae-8729-472d-b9e0-bfe345c5e27c,ulcer.events,available,9.85,37.67,medium,low,5,dynadot,,,30/09/2026 11:13
1254b7b3-f24a-4a93-bf6c-ffa3ac4c25c1,altruist.events,available,9.52,36.43,high,low,8,spaceship,,,28/09/2026 20:46
7ac16274-67d4-41a9-8ce9-aa5e00f6b111,wizardly.events,available,10.48,57.98,medium,low,8,namecheap,,,24/08/2026 13:02
910979b7-33cf-4a91-a192-881ea0764da2,rainfall.events,available,9.52,36.43,high,low,8,spaceship,,,30/09/2026 10:55
c3121267-521c-4c72-a9cc-bc350cafd7fa,gustafson.events,available,9.52,36.43,medium,low,9,spaceship,,,02/10/2026 00:54
e9559f0b-dbbb-4666-ae7c-30177779e464,allomorph.events,available,15.99,45.99,medium,low,9,namesilo,,,18/09/2026 11:59
cad67c58-e0e4-4253-ac9d-1f9e3a5f1257,abigail.events,available,15.99,45.99,medium,low,7,namesilo,,,29/09/2026 02:47
7327a922-4e97-4cc8-a2d4-3200de5098f4,costs.events,available,15.99,45.99,high,low,5,namesilo,,,29/09/2026 11:44
646dcb89-e65c-4c23-b18e-2b27595eb187,driven.events,premium,78.54,78.54,high,low,6,namesilo,,,14/08/2026 19:34
9847a6bc-8271-46ab-a608-a0353ab531c8,crotchety.events,available,10.48,57.98,medium,low,9,namecheap,,,13/08/2026 08:25
148f32b7-d306-456f-9b2f-51897c91a562,exploit.events,premium,99.5,,high,low,7,unstoppable,,,28/09/2026 19:08
ac39d9e2-39e9-4bca-933f-f793f806bd67,graduate.events,available,10.48,57.98,high,low,8,namecheap,,,20/08/2026 17:51
47ea4d7a-747a-470d-ac01-081227b148ae,danes.events,available,15,,medium,low,5,unstoppable,,,30/09/2026 14:16
d9e7a64a-6311-4f1e-a7c6-21f98d54e95a,karabakh.events,available,15,,medium,low,8,unstoppable,,,02/10/2026 09:33
bb268317-652a-4868-be58-f05031216f9a,silverbush.events,available,15.99,45.99,medium,low,10,namesilo,,,19/09/2026 14:04
bcb06a85-9765-4908-84bd-a6b024177f1e,champaign.events,available,10.48,57.98,medium,low,9,namecheap,,,08/09/2026 20:30
4a054e31-2f6f-4520-8db5-f24c6e2ac20a,metastatic.events,available,10.48,57.98,medium,low,10,namecheap,,,24/08/2026 21:49
01870f42-d34c-4e34-afba-48dc1f974550,piercing.events,available,10.48,57.98,high,low,8,namecheap,,,22/08/2026 01:25
5b4066f4-4d48-4337-8535-8c6888973694,sindhi.events,available,9.52,36.43,medium,low,6,spaceship,,,03/10/2026 02:06
295c7c5d-259d-4252-a2b9-4ce6575e034a,bends.events,available,15.99,45.99,high,low,5,namesilo,,,23/09/2026 07:50
6dbc12fe-2676-4167-8124-ad36130dfd67,joanna.events,available,15.99,45.99,high,low,6,namesilo,,,25/09/2026 11:35
18d763d6-b827-4b53-a1c7-651a532a4b49,shout.events,available,35.2,35.2,high,low,5,cloudflare,,,29/09/2026 12:22
066ea756-4185-451e-bae0-654b37dc3a06,dancing.events,premium,78.54,78.54,high,low,7,namesilo,,,25/09/2026 04:44
2b094ac5-1d94-47ed-ae72-a33c298ed6bc,coney.events,available,9.52,36.43,medium,low,5,spaceship,,,30/09/2026 09:15
56f8e161-6960-4f06-8d03-9f2e0e4ab11f,excuses.events,available,15.99,45.99,medium,low,7,namesilo,,,28/09/2026 23:11
1b7c2601-c22b-4564-9a9a-74bb0134b28b,uup.events,available,15.99,45.99,medium,low,3,namesilo,,,20/09/2026 22:18
706a7132-6ffe-49aa-9542-48538f23e664,athos.events,available,10.48,57.98,medium,low,5,namecheap,,,20/09/2026 21:17
edc69f7f-8e58-4ea5-ac2e-35b85fd25ca5,jared.events,available,15.99,45.99,high,low,5,namesilo,,,27/09/2026 11:10
83c1b479-2d89-4e95-92c3-e7cdfa8f3f4f,libraries.events,available,15.99,45.99,medium,low,9,namesilo,,,20/09/2026 00:02
c60fb64e-17f1-4acb-8d80-5d6c15071e0f,thundered.events,available,15.99,45.99,medium,low,9,namesilo,,,20/09/2026 16:05
ea967f25-d88d-408c-aa72-f7e5f0455ede,affecting.events,available,10.48,57.98,high,low,9,namecheap,,,
e84d16c5-401d-417f-ad02-5d317dc6e6a1,uppsala.events,available,15,,medium,low,7,unstoppable,,,28/09/2026 11:02
3f4822cd-4a5d-4707-b6ac-b3a2ddf5066c,relapse.events,available,9.52,36.43,high,low,7,spaceship,,,27/09/2026 14:29
1af1e241-1010-42a1-bbf9-9e3feceb55ea,adscript.events,available,10.48,57.98,medium,low,8,namecheap,,,
b732905a-b64c-4d11-9074-0a84cff97859,mansfield.events,premium,38.94,38.94,medium,low,9,namesilo,,,25/09/2026 08:08
5ea4020d-a204-4134-b92e-6969372e5b47,prissy.events,available,10.48,57.98,medium,low,6,namecheap,,,04/09/2026 21:22
917f32bf-1dbc-43c4-8d64-c99a3fd702bc,nathaniel.events,available,15.99,45.99,medium,low,9,namesilo,,,25/09/2026 14:50
b507c258-27a6-41c0-95c5-0380414e6b30,bmt.events,available,9.52,36.43,high,low,3,spaceship,,,30/09/2026 20:59
966e09e7-e106-42a9-b875-d76ccb263e08,feature.events,available,15.99,45.99,high,low,7,namesilo,,,30/09/2026 13:50
13968427-37a9-4b8c-92f1-9d3c12e7f888,quat.events,available,15.99,45.99,medium,low,4,namesilo,,,17/09/2026 15:25
bc863b73-4b27-4e6a-8dad-7783e82a89b1,nipples.events,available,9.85,37.67,low,low,7,dynadot,,,01/10/2026 00:30
4783b16e-47f4-40be-b10b-269383e194ac,nonverbal.events,available,10.48,57.98,medium,low,9,namecheap,,,03/09/2026 21:00
7efc240b-0149-4c30-b200-8dd1a74b7e2f,casualty.events,available,15.99,45.99,medium,low,8,namesilo,,,28/09/2026 18:35
2159a283-bc23-4319-84af-48c6f03d2468,banff.events,available,15.99,45.99,medium,low,5,namesilo,,,22/09/2026 01:44
f03553ea-a9d6-497d-b400-20c431f821b2,org.events,premium,414.2,414.2,high,medium,3,spaceship,,,01/10/2026 03:55
4d02cea2-de13-4fdb-86dd-f26ff6e6990d,shoeless.events,available,10.48,57.98,medium,low,8,namecheap,,,08/08/2026 19:04
f9eeff57-c500-4cb1-8fe2-86c973d84103,write.events,available,15.99,45.99,high,low,5,namesilo,,,30/09/2026 06:33
2c5578f3-7062-4d54-bd80-b8fdef89de26,intent.events,available,10.48,57.98,high,low,6,namecheap,,,
05699ee0-5e3c-4eba-a416-2c32f00f406b,laconia.events,available,35.2,35.2,medium,low,7,cloudflare,,,02/10/2026 05:33
92e9b40c-a578-43d1-a01f-d1ec93113d59,rmb.events,available,15.99,45.99,high,low,3,namesilo,,,02/10/2026 17:39
94bf6446-8294-48dd-aabe-619bb522f6a0,leningrad.events,available,9.52,36.43,medium,low,9,spaceship,,,01/10/2026 20:17
8d636b01-0cb6-4737-a351-7450f421c570,chavez.events,available,35.2,35.2,high,low,6,cloudflare,,,28/09/2026 01:29
778d04a5-16a2-4004-bb87-ebe3c8db5a3a,bestial.events,available,10.48,57.98,medium,low,7,namecheap,,,09/08/2026 17:57
35768330-7605-45f5-9821-86ae7b26abd0,relevance.events,available,15.99,45.99,high,low,9,namesilo,,,30/09/2026 09:36
1416b584-e709-4134-8c99-a0d6dec684d0,loony.events,available,10.48,57.98,medium,low,5,namecheap,,,06/08/2026 21:17
d200fa12-311f-4851-963a-c00659bb0de2,ponca.events,available,15.99,45.99,medium,low,5,namesilo,,,02/10/2026 16:25
f6359b53-065a-4649-90d1-87d0ebf8ef6e,elliptic.events,available,10.48,57.98,high,low,8,namecheap,,,15/08/2026 17:59
1cc894b3-2991-43e8-ace7-38ff9c44ad63,suite.events,resell,,,high,low,5,Dynadot Inc,31/07/2015 14:49,31/07/2027 14:49,03/10/2026 04:40
b361c7e1-80f7-4969-b1cc-c709ec0eb5f1,contaminated.events,available,15.99,45.99,medium,low,12,namesilo,,,01/10/2026 23:21
bc223998-1ca5-483d-abf9-6035626a194d,lallygag.events,available,10.48,57.98,medium,low,8,namecheap,,,11/09/2026 08:33
d30a080c-d4c2-4fbc-8512-15651ab892ab,enmity.events,available,15.99,45.99,medium,low,6,namesilo,,,19/09/2026 12:26
829d7b18-f746-4c15-be51-b168e30b692a,limes.events,available,15,,high,low,5,unstoppable,,,02/10/2026 22:48
96eefe2c-18ff-4060-b08d-0e303525842b,damaged.events,available,17.99,56.99,medium,low,7,name.com,,,13/08/2026 16:03
6961a9ca-88a6-4dba-8b72-6a3aefa196cf,care.events,premium,242,242,high,medium,4,namesilo,,,25/09/2026 13:42
eb88b78d-ec3b-45e0-bcbf-72b44a8bb6dd,talebearer.events,available,10.48,57.98,medium,low,10,namecheap,,,11/09/2026 10:34
4fea9c6a-ac6f-49de-97f0-20239bfc01c6,gabriele.events,available,9.85,37.67,medium,low,8,dynadot,,,30/09/2026 21:12
dfef6c3b-b150-43f0-9392-f44b07295713,shut.events,available,10.48,57.98,high,low,4,namecheap,,,12/08/2026 12:10
21134c62-6d90-4e23-ba01-69b5f49b9826,scots.events,available,10.48,57.98,high,low,5,namecheap,,,09/09/2026 23:33
289a5e4b-02cf-4a8f-9eaf-9d461ffc759f,maud.events,available,15.99,45.99,medium,low,4,namesilo,,,01/10/2026 07:00
f57322cf-6dea-4d1b-bb41-3ebb4f049c55,timeless.events,resell,,,high,low,8,Dynadot Inc,11/08/2025 14:02,11/08/2027 14:02,26/09/2026 09:38
75e612e3-49dd-4018-890e-741c129f12e3,anonymity.events,available,15.99,45.99,high,low,9,namesilo,,,19/09/2026 11:38
64141c0d-e339-493e-8798-ce0b18e3c51a,kilometers.events,available,9.52,36.43,medium,low,10,spaceship,,,28/09/2026 23:06
483dd31e-cab2-409a-bd1e-c5a27db28872,lobar.events,available,10.48,57.98,medium,low,5,namecheap,,,24/08/2026 08:33
15d1bb38-102e-498d-890f-475b8e0695f4,cruising.events,resell,,,high,low,8,,,,29/09/2026 05:15
b168b3ed-10bc-4be3-bc8b-642f426d8e21,ravi.events,available,15.99,45.99,high,low,4,namesilo,,,29/09/2026 04:31
824b18e0-eca9-433d-94a1-cb773b441978,counteract.events,available,35.2,35.2,high,low,10,cloudflare,,,03/10/2026 00:13
d97df130-635d-4e77-b259-1e20fce382cc,tracked.events,available,35.2,35.2,high,low,7,cloudflare,,,28/09/2026 09:27
34440d05-efcf-46d5-bd2c-28988e5200b7,harriet.events,available,15.99,45.99,high,low,7,namesilo,,,27/09/2026 22:29
00a306a9-2f06-41d0-a6e4-414d2ac8d3c6,digitiser.events,available,15.99,45.99,high,low,9,namesilo,,,19/09/2026 01:52
dd13a06f-e2cb-4172-8fd7-70ff08c9b935,tref.events,available,10.48,57.98,medium,low,4,namecheap,,,03/09/2026 19:37
aa09ef02-e629-45fc-89fc-0031d9482771,flying.events,available,15.99,45.99,high,low,6,namesilo,,,24/09/2026 17:17
6b112345-3b16-4d68-a81b-9dd1ce1f0d40,style.events,premium,512,512,high,low,5,namesilo,,,08/09/2026 07:22
e4aba3f9-f315-4ec6-95e3-da1a774f460b,smell.events,available,15.99,45.99,high,low,5,namesilo,,,27/09/2026 22:50
f095ebb6-58e2-4cc1-8e66-25134bafafd3,teaser.events,available,15.99,45.99,high,low,6,namesilo,,,19/09/2026 10:50
b71f3cfa-e680-4a48-b85a-633bc86681aa,mamluk.events,available,15,,medium,low,6,unstoppable,,,01/10/2026 06:56
0e8fa00d-43b1-4225-a23b-2908ea493970,marginally.events,available,10.48,57.98,medium,low,10,namecheap,,,15/09/2026 13:29
0c29f5da-a10b-4983-8ea2-aa2f4efca957,endoscopic.events,available,10.48,57.98,medium,low,10,namecheap,,,17/08/2026 01:19
65ce8ef0-fa5c-45bb-ab0e-ba1f868a8b11,meningitis.events,available,15.99,45.99,medium,low,10,namesilo,,,02/10/2026 16:05
1608deb0-02e4-4e59-8eb3-adcc8b05fc98,treble.events,available,10.48,57.98,high,low,6,namecheap,,,14/08/2026 16:41
fee5fc97-d52a-4aac-9268-0b228f535a42,specials.events,premium,108.9,108.9,medium,low,8,dynadot,,,29/09/2026 17:33
c4cc626b-c4e4-4f00-b42d-3d69a0f12c6c,alkane.events,available,15.99,45.99,medium,low,6,namesilo,,,18/09/2026 08:24
29bbe087-86bd-4c7b-b42e-0ad8e1126ec0,peoria.events,available,15.99,45.99,medium,low,6,namesilo,,,27/09/2026 04:58
5e23a4a5-7dd9-4a45-a057-70109fa734e7,scrubby.events,available,10.48,57.98,medium,low,7,namecheap,,,09/09/2026 23:39
96e4b2b2-dc3b-44f7-a4b1-a7a9bccf884b,behaving.events,available,9.78,36.56,high,low,8,porkbun,,,30/09/2026 04:04
165d4f49-7105-46a5-9238-3d33bb3d4c37,smug.events,available,10.48,57.98,medium,low,4,namecheap,,,10/09/2026 02:05
d2b010ca-2709-405c-b233-a39e1b45832c,admass.events,available,15.99,45.99,medium,low,6,namesilo,,,17/09/2026 08:43
1060496d-857d-4f04-b155-0cca169b63d3,apogee.events,available,10.48,57.98,high,low,6,namecheap,,,19/09/2026 18:28
b3b913ab-9c11-49a9-afd5-3e38fc070a2a,edson.events,available,35.2,35.2,medium,low,5,cloudflare,,,30/09/2026 05:36
4cc13469-3b5e-4704-b0da-59427f6c74bd,drapes.events,available,15.99,45.99,high,low,6,namesilo,,,17/09/2026 07:49
a05207ba-7b63-4a6e-a872-a4a3c410173d,san.events,premium,68.51,68.51,high,low,3,spaceship,,,02/10/2026 17:18
369ebb40-9ec7-4fa3-98b2-41dc57660c6b,edgeless.events,available,10.48,57.98,medium,low,8,namecheap,,,15/08/2026 08:37
63199825-bebf-4d83-96d1-eb78df2458e3,shales.events,available,15,,low,low,6,unstoppable,,,28/09/2026 17:57
c55ce859-08e8-44f2-9f30-bea9fe5645a1,nettie.events,available,9.52,36.43,medium,low,6,spaceship,,,02/10/2026 07:37
9c407e5c-2e8e-42fc-b0e9-a760c723b60d,cooper.events,premium,118.8,118.8,high,low,6,namesilo,,,22/09/2026 08:17
d857576e-06ff-4897-b688-1ead47e2750d,nws.events,available,9.52,36.43,high,low,3,spaceship,,,03/10/2026 04:47
7df93fc0-bc8d-4cad-9b7d-b1abd4fe0a7c,strabo.events,available,9.85,37.67,medium,low,6,dynadot,,,29/09/2026 15:36
b1190ee3-35ab-486e-b5da-9a2eb9d11b20,recollect.events,available,15.99,45.99,high,low,9,namesilo,,,02/10/2026 16:32
5ebe2a77-3521-41bc-9a0b-3bc2e40ed1e0,visible.events,available,15.99,45.99,high,low,7,namesilo,,,27/09/2026 19:29
cf313a04-0976-47e3-8c67-c7ea5075114a,namely.events,available,15.99,45.99,medium,low,6,namesilo,,,28/09/2026 16:21
b34781e3-1a10-4c43-b6e6-ce4a9a8a6997,marries.events,available,35.2,35.2,medium,low,7,cloudflare,,,28/09/2026 23:51
75fe97ef-bd80-41c5-ac5a-a049552289c1,basal.events,available,10.48,57.98,medium,low,5,namecheap,,,08/08/2026 21:24
857983ff-8345-46bf-92b6-fb8b5b2b8c8c,fashioned.events,available,10.48,57.98,high,low,9,namecheap,,,17/08/2026 23:02
7f1367a9-d264-42aa-a7ce-dbc15a0a7139,springlike.events,available,10.48,57.98,medium,low,10,namecheap,,,10/09/2026 16:53
8023680c-12e4-47a2-88dd-61654d86c181,backwoods.events,available,15.99,45.99,high,low,9,namesilo,,,21/09/2026 14:31
42489703-92af-4484-877d-a42e18f16c49,keene.events,available,35.2,35.2,high,low,5,cloudflare,,,28/09/2026 03:36
28ad4990-a4ba-4759-a8bd-fb695176afba,tongued.events,available,10.48,57.98,medium,low,7,namecheap,,,11/09/2026 17:08
2cc475f3-b458-4160-9d15-3bf8728b6ebd,vance.events,available,15.99,45.99,high,low,5,namesilo,,,27/09/2026 03:12
d7c7976c-ad17-4fd2-bebf-2404a2e23384,apologise.events,available,35.2,35.2,high,low,9,cloudflare,,,30/09/2026 15:07
4270e241-e09a-4d1a-a59f-21e7a0e5a6cf,ral.events,available,10.48,57.98,high,low,3,namecheap,,,30/09/2026 20:40
8832536c-6426-4d3e-be15-c2022e01edcd,deflect.events,available,15,,high,low,7,unstoppable,,,02/10/2026 16:20
76ed1981-1489-49d2-b00d-a1de844712bc,effects.events,available,15.99,45.99,high,low,7,namesilo,,,27/09/2026 03:49
96f071da-6928-4f81-8902-b9de752b6bce,silly.events,available,15.99,45.99,high,low,5,namesilo,,,21/09/2026 23:43
d67f7b9d-ac63-470b-84c7-9f498e4fc23e,institutions.events,available,15.99,45.99,medium,low,12,namesilo,,,29/09/2026 16:24
6ab0f5f9-0c84-4b7e-89b0-77ec6962c772,angelica.events,available,15.99,45.99,high,low,8,namesilo,,,19/09/2026 05:57
d4636e4e-e400-4de1-9f96-2c98f2bf08fa,traditions.events,available,35.2,35.2,medium,low,10,cloudflare,,,29/09/2026 10:32
50068253-67bf-47b6-a1db-d9484976f469,arduous.events,available,10.48,57.98,medium,low,7,namecheap,,,06/08/2026 16:40
f14c578e-5529-4641-88ed-889dfc4fa67b,tremble.events,available,15,,medium,low,7,unstoppable,,,01/10/2026 21:40
015c4718-6da6-40af-9ba2-a865283eed61,neurogenic.events,available,10.48,57.98,medium,low,10,namecheap,,,03/09/2026 16:12
24df0f14-3268-4083-933e-a4e08fdef71b,gutless.events,available,10.48,57.98,medium,low,7,namecheap,,,20/08/2026 21:12
045d20b1-97ba-4446-85da-c6500362f9c5,nauseating.events,available,10.48,57.98,medium,low,10,namecheap,,,24/08/2026 08:23
b996cd66-e55f-4ae2-8f4d-3ed37ea84770,failure.events,available,15.99,45.99,high,low,7,namesilo,,,25/09/2026 22:41
fae7556e-de21-4d28-848f-31d2eb8aa8dc,cues.events,available,9.52,36.43,medium,low,4,spaceship,,,01/10/2026 00:54
99253ab5-2d9b-4f08-810f-9c9aad762472,papuan.events,available,10.48,57.98,medium,low,6,namecheap,,,05/09/2026 01:44
b1060aa8-a5da-4a7b-89e7-cf690eacc9a6,musty.events,available,10.48,57.98,medium,low,5,namecheap,,,18/08/2026 16:44
9ffdd7c2-f98c-43b2-b591-dffdd7dba68f,tending.events,available,10.48,57.98,high,low,7,namecheap,,,11/09/2026 11:15
3f57727b-c79d-4c83-8297-43c4ca14b6d3,righteousness.events,available,9.52,36.43,medium,low,13,spaceship,,,30/09/2026 06:14
19b37907-870c-4222-a61d-455f2e09eaf7,statues.events,available,10.48,57.98,high,low,7,namecheap,,,29/09/2026 10:39
f76c7fb6-4b78-4432-b326-a5ac217fdd7c,saturation.events,available,9.78,36.56,high,low,10,porkbun,,,30/09/2026 16:43
93280eec-8cfb-410f-85ee-b7d3e7f20a99,annoy.events,available,9.52,36.43,medium,low,5,spaceship,,,29/09/2026 14:37
84f29f02-3cce-469c-a9c3-d21a7aa45723,tennis.events,resell,,,high,low,6,Dynadot Inc,23/11/2018 10:22,23/11/2026 10:22,30/09/2026 02:23
fc33844e-74a7-4cf1-821c-89f94035cbf3,systems.events,premium,207.2,207.2,high,low,7,spaceship,,,01/10/2026 14:38
52855f1f-f649-4f46-ae0c-5f076c41f024,skeleton.events,available,15,,high,low,8,unstoppable,,,28/09/2026 10:56
14a0c126-5aa7-461c-814b-1401621d1377,aisne.events,available,9.52,36.43,medium,low,5,spaceship,,,02/10/2026 20:10
9e673f47-31ce-4cda-9616-91d1aa0985b7,subclass.events,available,15.99,45.99,medium,low,8,namesilo,,,30/09/2026 11:06
15d56fd0-f308-4848-a479-b6ec9a527c63,shenandoah.events,available,9.52,36.43,medium,low,10,spaceship,,,27/09/2026 21:14
e8de98ae-7e91-4fef-bec0-c33ae312fa9f,furnishings.events,available,10.48,57.98,high,low,11,namecheap,,,16/09/2026 18:36
bc0f9934-0c54-4fd8-a304-c5733bbb4616,avowal.events,available,15.99,45.99,medium,low,6,namesilo,,,17/09/2026 14:26
1befde84-c69a-4853-9a09-e6e4ac186167,neutralize.events,available,9.52,36.43,high,low,10,spaceship,,,01/10/2026 04:11
c5f638e9-05db-4984-a164-e46fdd84d02d,babes.events,available,15,,high,low,5,unstoppable,,,01/10/2026 16:19
0d7e1f85-26bc-42eb-bb13-a9e71d7defc0,reticently.events,available,10.48,57.98,medium,low,10,namecheap,,,15/09/2026 23:31
72637056-7895-46e9-96c7-07eb63256df6,clergy.events,available,35.2,35.2,high,low,6,cloudflare,,,29/09/2026 09:59
81ac54e0-0af5-454d-9971-fb72079c7326,blanch.events,available,10.48,57.98,medium,low,6,namecheap,,,04/09/2026 23:27
b058b730-e2c7-453f-9b14-8ff790b6bf00,geochemistry.events,available,35.2,35.2,medium,low,12,cloudflare,,,02/10/2026 21:31
899aadad-c4ec-46bc-9b28-80c2969663cc,rascal.events,available,9.52,36.43,high,low,6,spaceship,,,30/09/2026 17:49
a564895d-7a9a-4e78-ab84-60fc50e1f0c1,intriguing.events,available,10.48,57.98,high,low,10,namecheap,,,25/09/2026 10:52
53524f46-6fdf-43ab-b54c-6ff85fcd6041,technol.events,available,9.52,36.43,medium,low,7,spaceship,,,30/09/2026 06:44
e8b8bb80-2eec-4d0b-aaa4-adf1f8ae6de1,alborg.events,available,15.99,45.99,medium,low,6,namesilo,,,16/09/2026 13:12
c5621165-5c77-470c-a970-018001687809,forensic.events,available,10.48,57.98,high,low,8,namecheap,,,08/09/2026 15:50
8931cbd5-4bcd-453a-a192-ae1105be39c8,kleist.events,available,15.99,45.99,medium,low,6,namesilo,,,23/09/2026 09:54
a361c73b-fb0e-4574-b3aa-37e6701f2f00,abscessed.events,available,10.48,57.98,medium,low,9,namecheap,,,
9ea9bc15-ee79-4133-b1cb-4b270089d44a,dreary.events,available,10.48,57.98,medium,low,6,namecheap,,,14/08/2026 11:47
e01d24ac-d801-4f30-b8dc-9cda8ec1b8c6,usac.events,available,15,,medium,low,4,unstoppable,,,02/10/2026 08:47
c5db9a74-f891-4087-817e-a03463e89ef5,agapornis.events,available,15.99,45.99,medium,low,9,namesilo,,,17/09/2026 16:13
197ef79f-253a-47c6-879e-6a6aa258fef3,whichever.events,available,15.99,45.99,medium,low,9,namesilo,,,01/10/2026 05:05
4fad5c55-bf07-4512-a50d-5210025f6827,abomasum.events,available,15.99,45.99,medium,low,8,namesilo,,,16/09/2026 16:29
049cea7d-6743-460d-a4a4-3748c978a8ac,traps.events,available,10.48,57.98,high,low,5,namecheap,,,20/09/2026 04:06
be8651a9-9ef1-41b2-9caa-e96def1d1541,period.events,available,9.52,36.43,high,low,6,spaceship,,,29/09/2026 07:41
9c094aa7-9c7b-4264-a904-ac5c3675861a,canorous.events,available,10.48,57.98,medium,low,8,namecheap,,,11/08/2026 17:35
c59d11c8-388d-4b62-85f7-c0906fe9f6e3,gershwin.events,available,15.99,45.99,high,low,8,namesilo,,,30/09/2026 01:44
4fee2260-0595-4ebb-b5a4-487f6f949227,alf.events,available,9.52,36.43,high,low,3,spaceship,,,01/10/2026 22:35
c804f961-9194-4704-af59-72e44dc5434c,palmatifid.events,available,10.48,57.98,medium,low,10,namecheap,,,05/09/2026 00:03
4a67f034-daeb-4644-8efa-13c0d3db9d56,fettered.events,available,10.48,57.98,medium,low,8,namecheap,,,18/08/2026 02:54
a5b47af6-3e68-48f6-afb1-873b9de0084d,encampment.events,available,10.48,57.98,medium,low,10,namecheap,,,08/09/2026 09:14
77278fbc-b8c7-48e2-a80f-9112a6c1548a,premiers.events,available,15.99,45.99,medium,low,8,namesilo,,,29/09/2026 17:25
77919403-33ea-4ac7-8adb-bffe337e34c8,traceable.events,available,10.48,57.98,high,low,9,namecheap,,,11/09/2026 18:33
964ccedf-26f0-4df5-b239-4a8b8ef6846a,prosthetic.events,available,10.48,57.98,high,low,10,namecheap,,,09/09/2026 03:55
971b2f08-f625-4de2-932b-47322626b45c,squeezable.events,available,10.48,57.98,medium,low,10,namecheap,,,10/09/2026 17:41
c2c8e33e-549b-4100-94cf-97c3c3e6105c,elise.events,available,15.99,45.99,medium,low,5,namesilo,,,28/09/2026 21:52
7b6ce7f6-ccf4-4a06-8694-8629a9cef749,cylinder.events,available,35.2,35.2,high,low,8,cloudflare,,,29/09/2026 00:34
95481527-bdc9-4061-8a47-b0b2ba28d400,glaswegian.events,available,10.48,57.98,medium,low,10,namecheap,,,20/08/2026 14:14
9b5620cf-4a95-46da-915a-0902290e8aa6,burroughs.events,available,35.2,35.2,medium,low,9,cloudflare,,,02/10/2026 04:12
2d4c161a-18a8-4bee-bc99-80120231120e,accipiter.events,available,15.99,45.99,medium,low,9,namesilo,,,16/09/2026 22:29
a4358669-60e0-4054-8005-5ee316e88474,chirpy.events,available,10.48,57.98,high,low,6,namecheap,,,12/08/2026 06:03
05ee5ef5-0517-4098-b205-49ecc2aec554,cracow.events,available,9.52,36.43,high,low,6,spaceship,,,02/10/2026 04:29
cc3b8de7-3acd-476a-9251-eae5b6c3df6f,stalin.events,available,9.52,36.43,medium,low,6,spaceship,,,29/09/2026 13:10
711456f0-8609-4e1c-aac5-00dfa1d2c32b,aeolus.events,available,15.99,45.99,medium,low,6,namesilo,,,17/09/2026 12:36
a6a44664-c0db-4ec9-97d8-8c83b3ce7904,madera.events,available,9.52,36.43,medium,low,6,spaceship,,,30/09/2026 12:25
1cd2e1e7-914d-4ed8-9291-1391e550e8a4,hollering.events,available,15.99,45.99,medium,low,9,namesilo,,,23/09/2026 06:21
cb651cef-1a51-400d-a314-4e3e1e14cee1,rejects.events,available,10.48,57.98,low,low,7,namecheap,,,29/09/2026 17:37
69c73d01-b4ba-464a-942e-c45e035c5179,surfactants.events,available,9.52,36.43,medium,low,11,spaceship,,,02/10/2026 03:49
458c0c39-a9c4-4986-994f-e8853a62285a,leonidas.events,available,15,,medium,low,8,unstoppable,,,01/10/2026 02:52
826ae60e-1cb3-4877-9f35-0982d0a6159e,bangla.events,available,10.48,57.98,high,low,6,namecheap,,,22/09/2026 01:51
bfe6e828-e356-4d6b-9f7a-a0e5a0c9d0f0,annular.events,available,10.48,57.98,medium,low,7,namecheap,,,
1bbb6bb3-63ea-4cb1-987c-657b0a8aec66,inconvenience.events,available,15,,medium,low,13,unstoppable,,,29/09/2026 02:52
20e7df46-c3b2-4ffb-96cd-c14e1897f727,homy.events,available,10.48,57.98,medium,low,4,namecheap,,,21/08/2026 11:08
3b41f407-df12-4290-873c-a1fb2b1ae895,salesmen.events,available,10.48,57.98,low,low,8,namecheap,,,02/10/2026 23:19
b8e09fb1-7d73-4f07-be68-9cb76a3f8d34,ivanov.events,available,15.99,45.99,medium,low,6,namesilo,,,29/09/2026 01:22
421333b6-b643-4400-9f71-90617d5a2dc0,multiplied.events,available,10.48,57.98,medium,low,10,namecheap,,,03/09/2026 10:54
738e868d-38fc-4009-af24-a9e60cb50e55,annwn.events,available,10.48,57.98,medium,low,5,namecheap,,,19/09/2026 11:09
bd243375-8a5d-44ab-8659-6551c4118825,suspected.events,available,10.48,57.98,medium,low,9,namecheap,,,11/09/2026 04:53
0e5f62fd-2694-4b57-a880-34194a2a1bf9,brightest.events,available,9.85,37.67,medium,low,9,dynadot,,,30/09/2026 06:56
21829470-e810-4db7-842e-478507094ee8,fellowman.events,available,9.52,36.43,medium,low,10,spaceship,,,02/10/2026 20:59
45f7169d-d1b2-44bd-95f4-e698083b737b,fireman.events,available,9.85,37.67,high,low,7,dynadot,,,29/09/2026 06:56
f46c0014-cf13-4351-85ae-c673ca8b177a,biochemical.events,available,9.52,36.43,high,low,11,spaceship,,,30/09/2026 11:40
07173cc2-4fdf-4ae3-a317-c66b884d7bde,passing.events,available,15.99,45.99,high,low,7,namesilo,,,24/09/2026 14:24
6f209123-d7ea-47da-967a-358ec406f3f2,caprine.events,available,10.48,57.98,medium,low,7,namecheap,,,11/08/2026 18:06
9c03b4ab-b829-4851-9cbc-27dc8c255697,marching.events,available,15.99,45.99,high,low,8,namesilo,,,28/09/2026 02:19
a2306b45-99d2-48c0-a737-371b58d2a8e8,drama.events,available,15.99,45.99,high,low,5,namesilo,,,24/09/2026 23:50
639c14e9-3fa1-4d78-bca6-19abd164b772,unshapen.events,available,10.48,57.98,medium,low,8,namecheap,,,12/09/2026 19:33
483f6f45-2978-4164-b965-25a42b9f508f,acarine.events,available,10.48,57.98,medium,low,7,namecheap,,,16/09/2026 21:33
db5b1709-afc7-429c-bc80-33f9368c5a9c,crowning.events,available,15,,high,low,8,unstoppable,,,01/10/2026 22:58
2c767ac6-4ba0-45d8-b664-e5e268ff52c2,edu.events,premium,512,512,medium,medium,3,namesilo,,,28/09/2026 23:17
712f0a55-055f-47dc-8b8c-76cd119e1d2f,incipient.events,available,10.48,57.98,medium,low,9,namecheap,,,22/08/2026 01:14
52e4ffcb-1868-4b6b-afd1-c41af40654e0,shared.events,available,15.99,45.99,high,low,6,namesilo,,,24/09/2026 11:33